survived,pclass,sex,age,sibsp,parch,fare,embarked,class,who,adult_male,alive,alone,age_group,age_zscore,fare_zscore
0,3,male,22.0,1,0,7.25,S,Third,man,True,no,False,Young Adult,-0.5654188991856514,-0.5021631365156053
1,1,female,38.0,1,0,71.2833,C,First,woman,False,yes,False,Adult,0.663488390424261,0.7864036178345383
1,3,female,26.0,0,0,7.925,S,Third,woman,False,yes,True,Young Adult,-0.25819207678317324,-0.48857985158126105
1,1,female,35.0,1,0,53.1,S,First,woman,False,yes,False,Young Adult,0.4330682736224024,0.4204940697654092
0,3,male,35.0,0,0,8.05,S,Third,man,True,no,True,Young Adult,0.4330682736224024,-0.48606442844527137
0,3,male,28.0,0,0,8.4583,Q,Third,man,True,no,True,Young Adult,-0.10457866558193422,-0.4778480503138746
0,1,male,54.0,0,0,51.8625,S,First,man,True,no,True,Adult,1.8923956800341732,0.3955913807191113
0,3,male,2.0,3,1,21.075,S,Third,child,False,no,False,Child,-2.1015530111980416,-0.22395733767514675
1,3,female,27.0,0,2,11.1333,S,Third,woman,False,yes,False,Young Adult,-0.18138537118255374,-0.42401799520369554
1,2,female,14.0,1,0,30.0708,C,Second,child,False,yes,False,Teen,-1.1798725439906075,-0.04293139010125909
1,3,female,4.0,1,1,16.7,S,Third,child,False,yes,False,Child,-1.9479395999968028,-0.3119971474347855
1,1,female,58.0,0,0,26.55,S,First,woman,False,yes,True,Adult,2.1996225024366516,-0.11378180431879875
0,3,male,20.0,0,0,8.05,S,Third,man,True,no,True,Young Adult,-0.7190323103868904,-0.48606442844527137
0,3,male,39.0,1,5,31.275,S,Third,man,True,no,False,Adult,0.7402950960248805,-0.01869880977838891
0,3,female,14.0,0,0,7.8542,S,Third,child,False,no,True,Teen,-1.1798725439906075,-0.4900045872454856
1,2,female,55.0,0,0,16.0,S,Second,woman,False,yes,True,Adult,1.9692023856347929,-0.32608351699632776
0,3,male,2.0,4,1,29.125,Q,Third,child,False,no,False,Child,-2.1015530111980416,-0.061964087717411374
1,2,male,28.0,0,0,13.0,S,Second,man,True,yes,True,Young Adult,-0.10457866558193422,-0.38645367226008004
0,3,female,31.0,1,0,18.0,S,Third,woman,False,no,False,Young Adult,0.12584145121992435,-0.28583674682049287
1,3,female,28.0,0,0,7.225,C,Third,woman,False,yes,True,Young Adult,-0.10457866558193422,-0.5026662211428032
0,2,male,35.0,0,0,26.0,S,Second,man,True,no,True,Young Adult,0.4330682736224024,-0.12484966611715337
1,2,male,34.0,0,0,13.0,S,Second,man,True,yes,True,Young Adult,0.3562615680217829,-0.38645367226008004
1,3,female,15.0,0,0,8.0292,Q,Third,child,False,yes,True,Teen,-1.103065838389988,-0.48648299485510005
1,1,male,28.0,0,0,35.5,S,First,man,True,yes,True,Young Adult,-0.10457866558193422,0.06632249221806229
0,3,female,8.0,3,1,21.075,S,Third,child,False,no,False,Child,-1.6407127775943247,-0.22395733767514675
1,3,female,38.0,1,5,31.3875,S,Third,woman,False,yes,False,Adult,0.663488390424261,-0.016434928955998185
0,3,male,28.0,0,0,7.225,C,Third,man,True,no,True,Young Adult,-0.10457866558193422,-0.5026662211428032
0,1,male,19.0,3,2,263.0,S,First,man,True,no,False,Young Adult,-0.79583901598751,4.644392599719279
1,3,female,28.0,0,0,7.8792,Q,Third,woman,False,yes,True,Young Adult,-0.10457866558193422,-0.4895015026182876
0,3,male,28.0,0,0,7.8958,S,Third,man,True,no,True,Young Adult,-0.10457866558193422,-0.4891674544258282
0,1,male,40.0,0,0,27.7208,C,First,man,True,no,True,Adult,0.8171018016255001,-0.09022134505786503
1,1,female,28.0,1,0,146.5208,C,First,woman,False,yes,False,Young Adult,-0.10457866558193422,2.300436803386727
1,3,female,28.0,0,0,7.75,Q,Third,woman,False,yes,True,Young Adult,-0.10457866558193422,-0.49210144397164657
0,2,male,66.0,0,0,10.5,S,Second,man,True,no,True,Senior,2.8140761472416074,-0.43676213497987365
0,1,male,28.0,1,0,82.1708,C,First,man,True,no,False,Young Adult,-0.10457866558193422,1.0054969729792393
0,1,male,42.0,1,0,52.0,S,First,man,True,no,False,Adult,0.970715212826739,0.39835834616870003
1,3,male,28.0,0,0,7.2292,C,Third,man,True,yes,True,Young Adult,-0.10457866558193422,-0.502581702925434
0,3,male,21.0,0,0,8.05,S,Third,man,True,no,True,Young Adult,-0.6422256047862709,-0.48606442844527137
0,3,female,18.0,2,0,18.0,S,Third,woman,False,no,False,Teen,-0.8726457215881294,-0.28583674682049287
1,3,female,14.0,1,0,11.2417,C,Third,child,False,yes,False,Teen,-1.1798725439906075,-0.4218366202601652
0,3,female,40.0,1,0,9.475,S,Third,woman,False,no,False,Adult,0.8171018016255001,-0.457388604694989
0,2,female,27.0,1,0,21.0,S,Second,woman,False,no,False,Young Adult,-0.18138537118255374,-0.22546659155674054
0,3,male,28.0,0,0,7.8958,C,Third,man,True,no,True,Young Adult,-0.10457866558193422,-0.4891674544258282
1,2,female,3.0,1,2,41.5792,C,Second,child,False,yes,False,Child,-2.0247463055974224,0.18865657484452997
1,3,female,19.0,0,0,7.8792,Q,Third,woman,False,yes,True,Young Adult,-0.79583901598751,-0.4895015026182876
0,3,male,28.0,0,0,8.05,S,Third,man,True,no,True,Young Adult,-0.10457866558193422,-0.48606442844527137
0,3,male,28.0,1,0,15.5,Q,Third,man,True,no,False,Young Adult,-0.10457866558193422,-0.3361452095402864
1,3,female,28.0,0,0,7.75,Q,Third,woman,False,yes,True,Young Adult,-0.10457866558193422,-0.49210144397164657
0,3,male,28.0,2,0,21.6792,C,Third,man,True,no,False,Young Adult,-0.10457866558193422,-0.211798788405027
0,3,female,18.0,1,0,17.8,S,Third,woman,False,no,False,Teen,-0.8726457215881294,-0.28986142383807634
0,3,male,7.0,4,1,39.6875,S,Third,child,False,no,False,Child,-1.717519483194944,0.15058916727371655
0,3,male,21.0,0,0,7.8,S,Third,man,True,no,True,Young Adult,-0.6422256047862709,-0.49109527471725073
1,1,female,49.0,1,0,76.7292,C,First,woman,False,yes,False,Adult,1.5083621520310757,0.895993560684828
1,2,female,29.0,1,0,26.0,S,Second,woman,False,yes,False,Young Adult,-0.027771959981314702,-0.12484966611715337
0,1,male,65.0,0,1,61.9792,C,First,man,True,no,False,Senior,2.737269441640988,0.5991736306380456
1,1,male,28.0,0,0,35.5,S,First,man,True,yes,True,Young Adult,-0.10457866558193422,0.06632249221806229
1,2,female,21.0,0,0,10.5,S,Second,woman,False,yes,True,Young Adult,-0.6422256047862709,-0.43676213497987365
0,3,male,28.5,0,0,7.2292,C,Third,man,True,no,True,Young Adult,-0.06617531278162446,-0.502581702925434
1,2,female,5.0,1,2,27.75,S,Second,child,False,yes,False,Child,-1.8711328943961831,-0.08963374221329785
0,3,male,11.0,5,2,46.9,S,Third,child,False,no,False,Child,-1.410292660792466,0.29572908222032107
0,3,male,22.0,0,0,7.2292,C,Third,man,True,no,True,Young Adult,-0.5654188991856514,-0.502581702925434
1,1,female,38.0,0,0,80.0,S,First,woman,False,yes,True,Adult,0.663488390424261,0.9618131286303883
0,1,male,45.0,1,0,83.475,S,First,man,True,no,False,Adult,1.2011353296285976,1.0317418918109011
0,3,male,4.0,3,2,27.9,S,Third,child,False,no,False,Child,-1.9479395999968028,-0.08661523445011025
0,1,male,28.0,0,0,27.7208,C,First,man,True,no,True,Young Adult,-0.10457866558193422,-0.09022134505786503
1,3,male,28.0,1,1,15.2458,C,Third,man,True,yes,False,Young Adult,-0.10457866558193422,-0.34126057402963506
1,2,female,29.0,0,0,10.5,S,Second,woman,False,yes,True,Young Adult,-0.027771959981314702,-0.43676213497987365
0,3,male,19.0,0,0,8.1583,S,Third,man,True,no,True,Young Adult,-0.79583901598751,-0.4838850658402499
1,3,female,17.0,4,2,7.925,S,Third,woman,False,yes,False,Teen,-0.9494524271887489,-0.48857985158126105
0,3,male,26.0,2,0,8.6625,S,Third,man,True,no,False,Young Adult,-0.25819207678317324,-0.4737388550789219
0,2,male,32.0,0,0,10.5,S,Second,man,True,no,True,Young Adult,0.20264815682054385,-0.43676213497987365
0,3,female,16.0,5,2,46.9,S,Third,woman,False,no,False,Teen,-1.0262591327893684,0.29572908222032107
0,2,male,21.0,0,0,73.5,S,Second,man,True,no,True,Young Adult,-0.6422256047862709,0.8310111255589249
0,3,male,26.0,1,0,14.4542,C,Third,man,True,no,False,Young Adult,-0.25819207678317324,-0.3571902456652305
1,3,male,32.0,0,0,56.4958,S,Third,man,True,yes,True,Young Adult,0.20264815682054385,0.48882906084695926
0,3,male,25.0,0,0,7.65,S,Third,man,True,no,True,Young Adult,-0.33499878238379277,-0.49411378248043836
0,3,male,28.0,0,0,7.8958,S,Third,man,True,no,True,Young Adult,-0.10457866558193422,-0.4891674544258282
0,3,male,28.0,0,0,8.05,S,Third,man,True,no,True,Young Adult,-0.10457866558193422,-0.48606442844527137
1,2,male,0.83,0,2,29.0,S,Second,child,False,yes,False,Child,-2.1914168567507666,-0.06447951085340105
1,3,female,30.0,0,0,12.475,S,Third,woman,False,yes,True,Young Adult,0.04903474561930482,-0.39701844943123665
0,3,male,22.0,0,0,9.0,S,Third,man,True,no,True,Young Adult,-0.5654188991856514,-0.4669472126117498
1,3,male,29.0,0,0,9.5,S,Third,man,True,yes,True,Young Adult,-0.027771959981314702,-0.4568855200677911
1,3,female,28.0,0,0,7.7875,Q,Third,woman,False,yes,True,Young Adult,-0.10457866558193422,-0.49134681703084965
0,1,male,28.0,0,0,47.1,S,First,man,True,no,True,Young Adult,-0.10457866558193422,0.2997537592379046
1,2,female,17.0,0,0,10.5,S,Second,woman,False,yes,True,Teen,-0.9494524271887489,-0.43676213497987365
1,3,female,33.0,3,0,15.85,S,Third,woman,False,yes,False,Young Adult,0.27945486242116335,-0.32910202475951533
0,3,male,16.0,1,3,34.375,S,Third,man,True,no,False,Teen,-1.0262591327893684,0.043683683994155176
0,3,male,28.0,0,0,8.05,S,Third,man,True,no,True,Young Adult,-0.10457866558193422,-0.48606442844527137
1,1,female,23.0,3,2,263.0,S,First,woman,False,yes,False,Young Adult,-0.48861219358503183,4.644392599719279
0,3,male,24.0,0,0,8.05,S,Third,man,True,no,True,Young Adult,-0.4118054879844123,-0.48606442844527137
0,3,male,29.0,0,0,8.05,S,Third,man,True,no,True,Young Adult,-0.027771959981314702,-0.48606442844527137
0,3,male,20.0,0,0,7.8542,S,Third,man,True,no,True,Young Adult,-0.7190323103868904,-0.4900045872454856
0,1,male,46.0,1,0,61.175,S,First,man,True,no,False,Adult,1.2779420352292172,0.5829904043503424
0,3,male,26.0,1,2,20.575,S,Third,man,True,no,False,Young Adult,-0.25819207678317324,-0.23401903021910547
0,3,male,59.0,0,0,7.25,S,Third,man,True,no,True,Adult,2.276429208037271,-0.5021631365156053
0,3,male,28.0,0,0,8.05,S,Third,man,True,no,True,Young Adult,-0.10457866558193422,-0.48606442844527137
0,1,male,71.0,0,0,34.6542,C,First,man,True,no,True,Senior,3.198109675244705,0.04930213311070178
1,1,male,23.0,0,1,63.3583,C,First,man,True,yes,False,Young Adult,-0.48861219358503183,0.6269257910127927
1,2,female,34.0,0,1,23.0,S,Second,woman,False,yes,False,Young Adult,0.3562615680217829,-0.18521982138090567
0,2,male,34.0,1,0,26.0,S,Second,man,True,no,False,Young Adult,0.3562615680217829,-0.12484966611715337
0,3,female,28.0,0,0,7.8958,S,Third,woman,False,no,True,Young Adult,-0.10457866558193422,-0.4891674544258282
0,3,male,28.0,0,0,7.8958,S,Third,man,True,no,True,Young Adult,-0.10457866558193422,-0.4891674544258282
0,1,male,21.0,0,1,77.2875,S,First,man,True,no,False,Young Adult,-0.6422256047862709,0.907228446579412
0,3,male,33.0,0,0,8.6542,S,Third,man,True,no,True,Young Adult,0.27945486242116335,-0.47390587917515165
0,3,male,37.0,2,0,7.925,S,Third,man,True,no,False,Adult,0.5866816848236415,-0.48857985158126105
0,3,male,28.0,0,0,7.8958,S,Third,man,True,no,True,Young Adult,-0.10457866558193422,-0.4891674544258282
1,3,female,21.0,0,0,7.65,S,Third,woman,False,yes,True,Young Adult,-0.6422256047862709,-0.49411378248043836
1,3,male,28.0,0,0,7.775,S,Third,man,True,yes,True,Young Adult,-0.10457866558193422,-0.4915983593444487
0,3,male,38.0,0,0,7.8958,S,Third,man,True,no,True,Adult,0.663488390424261,-0.4891674544258282
1,3,female,28.0,1,0,24.15,Q,Third,woman,False,yes,False,Young Adult,-0.10457866558193422,-0.16207792852980066
0,1,male,47.0,0,0,52.0,S,First,man,True,no,True,Adult,1.3547487408298367,0.39835834616870003
0,3,female,14.5,1,0,14.4542,C,Third,child,False,no,False,Teen,-1.1414691911902977,-0.3571902456652305
0,3,male,22.0,0,0,8.05,S,Third,man,True,no,True,Young Adult,-0.5654188991856514,-0.48606442844527137
0,3,female,20.0,1,0,9.825,S,Third,woman,False,no,False,Young Adult,-0.7190323103868904,-0.45034541991421795
0,3,female,17.0,0,0,14.4583,C,Third,woman,False,no,True,Teen,-0.9494524271887489,-0.35710773978637
0,3,male,21.0,0,0,7.925,S,Third,man,True,no,True,Young Adult,-0.6422256047862709,-0.48857985158126105
0,3,male,70.5,0,0,7.75,Q,Third,man,True,no,True,Senior,3.1597063224443955,-0.49210144397164657
0,2,male,29.0,1,0,21.0,S,Second,man,True,no,False,Young Adult,-0.027771959981314702,-0.22546659155674054
0,1,male,24.0,0,1,247.5208,C,First,man,True,no,False,Young Adult,-0.4118054879844123,4.332898697266388
0,3,female,2.0,4,2,31.275,S,Third,child,False,no,False,Child,-2.1015530111980416,-0.01869880977838891
0,2,male,21.0,2,0,73.5,S,Second,man,True,no,False,Young Adult,-0.6422256047862709,0.8310111255589249
0,3,male,28.0,0,0,8.05,S,Third,man,True,no,True,Young Adult,-0.10457866558193422,-0.48606442844527137
0,2,male,32.5,1,0,30.0708,C,Second,man,True,no,False,Young Adult,0.24105150962085362,-0.04293139010125909
1,2,female,32.5,0,0,13.0,S,Second,woman,False,yes,True,Young Adult,0.24105150962085362,-0.38645367226008004
0,1,male,54.0,0,1,77.2875,S,First,man,True,no,False,Adult,1.8923956800341732,0.907228446579412
1,3,male,12.0,1,0,11.2417,C,Third,child,False,yes,False,Child,-1.3334859551918465,-0.4218366202601652
0,3,male,28.0,0,0,7.75,Q,Third,man,True,no,True,Young Adult,-0.10457866558193422,-0.49210144397164657
1,3,male,24.0,0,0,7.1417,S,Third,man,True,yes,True,Young Adult,-0.4118054879844123,-0.5043424991206268
1,3,female,28.0,1,1,22.3583,C,Third,woman,False,yes,False,Young Adult,-0.10457866558193422,-0.1981329975918223
0,3,male,45.0,0,0,6.975,S,Third,man,True,no,True,Adult,1.2011353296285976,-0.5076970674147826
0,3,male,33.0,0,0,7.8958,C,Third,man,True,no,True,Young Adult,0.27945486242116335,-0.4891674544258282
0,3,male,20.0,0,0,7.05,S,Third,man,True,no,True,Young Adult,-0.7190323103868904,-0.5061878135331888
0,3,female,47.0,1,0,14.5,S,Third,woman,False,no,False,Adult,1.3547487408298367,-0.35626859462820387
1,2,female,29.0,1,0,26.0,S,Second,woman,False,yes,False,Young Adult,-0.027771959981314702,-0.12484966611715337
0,2,male,25.0,0,0,13.0,S,Second,man,True,no,True,Young Adult,-0.33499878238379277,-0.38645367226008004
0,2,male,23.0,0,0,15.0458,C,Second,man,True,no,True,Young Adult,-0.48861219358503183,-0.3452852510472186
1,1,female,19.0,0,2,26.2833,S,First,woman,False,yes,False,Young Adult,-0.79583901598751,-0.11914871112174634
0,1,male,37.0,1,0,53.1,S,First,man,True,no,False,Adult,0.5866816848236415,0.4204940697654092
0,3,male,16.0,0,0,9.2167,S,Third,man,True,no,True,Teen,-1.0262591327893684,-0.4625864750631981
0,1,male,24.0,0,0,79.2,C,First,man,True,no,True,Young Adult,-0.4118054879844123,0.9457144205600544
0,3,female,28.0,0,2,15.2458,C,Third,woman,False,no,False,Young Adult,-0.10457866558193422,-0.34126057402963506
1,3,female,22.0,0,0,7.75,S,Third,woman,False,yes,True,Young Adult,-0.5654188991856514,-0.49210144397164657
1,3,female,24.0,1,0,15.85,S,Third,woman,False,yes,False,Young Adult,-0.4118054879844123,-0.32910202475951533
0,3,male,19.0,0,0,6.75,Q,Third,man,True,no,True,Young Adult,-0.79583901598751,-0.512224829059564
0,2,male,18.0,0,0,11.5,S,Second,man,True,no,True,Teen,-0.8726457215881294,-0.4166387498919562
0,2,male,19.0,1,1,36.75,S,Second,man,True,no,False,Young Adult,-0.79583901598751,0.0914767235779591
1,3,male,27.0,0,0,7.7958,S,Third,man,True,yes,True,Young Adult,-0.18138537118255374,-0.49117979293462
0,3,female,9.0,2,2,34.375,S,Third,child,False,no,False,Child,-1.563906071993705,0.043683683994155176
0,2,male,36.5,0,2,26.0,S,Second,man,True,no,False,Adult,0.5482783320233316,-0.12484966611715337
0,2,male,42.0,0,0,13.0,S,Second,man,True,no,True,Adult,0.970715212826739,-0.38645367226008004
0,2,male,51.0,0,0,12.525,S,Second,man,True,no,True,Adult,1.6619755632323148,-0.39601228017684087
1,1,female,22.0,1,0,66.6,S,First,woman,False,yes,False,Young Adult,-0.5654188991856514,0.6921597684522944
0,3,male,55.5,0,0,8.05,S,Third,man,True,no,True,Adult,2.0076057384351027,-0.48606442844527137
0,3,male,40.5,0,2,14.5,S,Third,man,True,no,False,Adult,0.8555051544258098,-0.35626859462820387
0,3,male,28.0,0,0,7.3125,S,Third,man,True,no,True,Young Adult,-0.10457866558193422,-0.5009054249476105
0,1,male,51.0,0,1,61.3792,C,First,man,True,no,False,Adult,1.6619755632323148,0.5870995995852952
1,3,female,16.0,0,0,7.7333,Q,Third,woman,False,yes,True,Teen,-1.0262591327893684,-0.4924375045026148
0,3,male,30.0,0,0,8.05,S,Third,man,True,no,True,Young Adult,0.04903474561930482,-0.48606442844527137
0,3,male,28.0,0,0,8.6625,S,Third,man,True,no,True,Young Adult,-0.10457866558193422,-0.4737388550789219
0,3,male,28.0,8,2,69.55,S,Third,man,True,no,False,Young Adult,-0.10457866558193422,0.751523754461651
0,3,male,44.0,0,1,16.1,S,Third,man,True,no,False,Adult,1.1243286240279782,-0.32407117848753597
1,2,female,40.0,0,0,15.75,S,Second,woman,False,yes,True,Adult,0.8171018016255001,-0.33111436326830707
0,3,male,26.0,0,0,7.775,S,Third,man,True,no,True,Young Adult,-0.25819207678317324,-0.4915983593444487
0,3,male,17.0,0,0,8.6625,S,Third,man,True,no,True,Teen,-0.9494524271887489,-0.4737388550789219
0,3,male,1.0,4,1,39.6875,S,Third,child,False,no,False,Child,-2.1783597167986612,0.15058916727371655
1,3,male,9.0,0,2,20.525,S,Third,child,False,yes,False,Child,-1.563906071993705,-0.23502519947350137
1,1,female,28.0,0,1,55.0,S,First,woman,False,yes,False,Young Adult,-0.10457866558193422,0.4587285014324523
0,3,female,45.0,1,4,27.9,S,Third,woman,False,no,False,Adult,1.2011353296285976,-0.08661523445011025
0,1,male,28.0,0,0,25.925,S,First,man,True,no,True,Young Adult,-0.10457866558193422,-0.12635891999874715
0,3,male,28.0,0,0,56.4958,S,Third,man,True,no,True,Young Adult,-0.10457866558193422,0.48882906084695926
0,1,male,61.0,0,0,33.5,S,First,man,True,no,True,Senior,2.43004261923851,0.026075722042227415
0,3,male,4.0,4,1,29.125,Q,Third,child,False,no,False,Child,-1.9479395999968028,-0.061964087717411374
1,3,female,1.0,1,1,11.1333,S,Third,child,False,yes,False,Child,-2.1783597167986612,-0.42401799520369554
0,3,male,21.0,0,0,7.925,S,Third,man,True,no,True,Young Adult,-0.6422256047862709,-0.48857985158126105
0,1,male,56.0,0,0,30.6958,C,First,man,True,no,True,Adult,2.0460090912354123,-0.03035427442131069
0,3,male,18.0,1,1,7.8542,S,Third,man,True,no,False,Teen,-0.8726457215881294,-0.4900045872454856
0,3,male,28.0,3,1,25.4667,S,Third,man,True,no,False,Young Adult,-0.10457866558193422,-0.13558146738453974
0,1,female,50.0,0,0,28.7125,C,First,woman,False,no,True,Adult,1.5851688576316951,-0.07026498406617734
0,2,male,30.0,0,0,13.0,S,Second,man,True,no,True,Young Adult,0.04903474561930482,-0.38645367226008004
0,3,male,36.0,0,0,0.0,S,Third,man,True,no,True,Adult,0.5098749792230219,-0.6480576784030068
0,3,female,28.0,8,2,69.55,S,Third,woman,False,no,False,Young Adult,-0.10457866558193422,0.751523754461651
0,2,male,28.0,0,0,15.05,C,Second,man,True,no,True,Young Adult,-0.10457866558193422,-0.3452007328298493
0,3,male,9.0,4,2,31.3875,S,Third,child,False,no,False,Child,-1.563906071993705,-0.016434928955998185
1,2,male,1.0,2,1,39.0,S,Second,child,False,yes,False,Child,-2.1783597167986612,0.13675434002577333
1,3,female,4.0,0,2,22.025,S,Third,child,False,yes,False,Child,-1.9479395999968028,-0.2048401218416252
0,1,male,28.0,0,0,50.0,S,First,man,True,no,True,Young Adult,-0.10457866558193422,0.35811157599286514
1,3,female,28.0,1,0,15.5,Q,Third,woman,False,yes,False,Young Adult,-0.10457866558193422,-0.3361452095402864
1,1,male,45.0,0,0,26.55,S,First,man,True,yes,True,Adult,1.2011353296285976,-0.11378180431879875
0,3,male,40.0,1,1,15.5,Q,Third,man,True,no,False,Adult,0.8171018016255001,-0.3361452095402864
0,3,male,36.0,0,0,7.8958,S,Third,man,True,no,True,Adult,0.5098749792230219,-0.4891674544258282
1,2,female,32.0,0,0,13.0,S,Second,woman,False,yes,True,Young Adult,0.20264815682054385,-0.38645367226008004
0,2,male,19.0,0,0,13.0,S,Second,man,True,no,True,Young Adult,-0.79583901598751,-0.38645367226008004
1,3,female,19.0,1,0,7.8542,S,Third,woman,False,yes,False,Young Adult,-0.79583901598751,-0.4900045872454856
1,2,male,3.0,1,1,26.0,S,Second,child,False,yes,False,Child,-2.0247463055974224,-0.12484966611715337
1,1,female,44.0,0,0,27.7208,C,First,woman,False,yes,True,Adult,1.1243286240279782,-0.09022134505786503
1,1,female,58.0,0,0,146.5208,C,First,woman,False,yes,True,Adult,2.1996225024366516,2.300436803386727
0,3,male,28.0,0,0,7.75,Q,Third,man,True,no,True,Young Adult,-0.10457866558193422,-0.49210144397164657
0,3,male,42.0,0,1,8.4042,S,Third,man,True,no,False,Adult,0.970715212826739,-0.478936725447131
1,3,female,28.0,0,0,7.75,Q,Third,woman,False,yes,True,Young Adult,-0.10457866558193422,-0.49210144397164657
0,2,female,24.0,0,0,13.0,S,Second,woman,False,no,True,Young Adult,-0.4118054879844123,-0.38645367226008004
0,3,male,28.0,0,0,9.5,S,Third,man,True,no,True,Young Adult,-0.10457866558193422,-0.4568855200677911
0,3,male,28.0,8,2,69.55,S,Third,man,True,no,False,Young Adult,-0.10457866558193422,0.751523754461651
0,3,male,34.0,0,0,6.4958,S,Third,man,True,no,True,Young Adult,0.3562615680217829,-0.5173401935489127
0,3,male,45.5,0,0,7.225,C,Third,man,True,no,True,Adult,1.2395386824289074,-0.5026662211428032
1,3,male,18.0,0,0,8.05,S,Third,man,True,yes,True,Teen,-0.8726457215881294,-0.48606442844527137
0,3,female,2.0,0,1,10.4625,S,Third,child,False,no,False,Child,-2.1015530111980416,-0.43751676192067057
0,3,male,32.0,1,0,15.85,S,Third,man,True,no,False,Young Adult,0.20264815682054385,-0.32910202475951533
1,3,male,26.0,0,0,18.7875,C,Third,man,True,yes,True,Young Adult,-0.25819207678317324,-0.26998958106375787
1,3,female,16.0,0,0,7.75,Q,Third,woman,False,yes,True,Teen,-1.0262591327893684,-0.49210144397164657
1,1,male,40.0,0,0,31.0,C,First,man,True,yes,True,Adult,0.8171018016255001,-0.024232740677566176
0,3,male,24.0,0,0,7.05,S,Third,man,True,no,True,Young Adult,-0.4118054879844123,-0.5061878135331888
1,2,female,35.0,0,0,21.0,S,Second,woman,False,yes,True,Young Adult,0.4330682736224024,-0.22546659155674054
0,3,male,22.0,0,0,7.25,S,Third,man,True,no,True,Young Adult,-0.5654188991856514,-0.5021631365156053
0,2,male,30.0,0,0,13.0,S,Second,man,True,no,True,Young Adult,0.04903474561930482,-0.38645367226008004
0,3,male,28.0,1,0,7.75,Q,Third,man,True,no,False,Young Adult,-0.10457866558193422,-0.49210144397164657
1,1,female,31.0,1,0,113.275,C,First,woman,False,yes,False,Young Adult,0.12584145121992435,1.6314187674308411
1,3,female,27.0,0,0,7.925,S,Third,woman,False,yes,True,Young Adult,-0.18138537118255374,-0.48857985158126105
0,2,male,42.0,1,0,27.0,S,Second,man,True,no,False,Adult,0.970715212826739,-0.10472628102923592
1,1,female,32.0,0,0,76.2917,C,First,woman,False,yes,True,Young Adult,0.20264815682054385,0.8871895797088641
0,2,male,30.0,0,0,10.5,S,Second,man,True,no,True,Young Adult,0.04903474561930482,-0.43676213497987365
1,3,male,16.0,0,0,8.05,S,Third,man,True,yes,True,Teen,-1.0262591327893684,-0.48606442844527137
0,2,male,27.0,0,0,13.0,S,Second,man,True,no,True,Young Adult,-0.18138537118255374,-0.38645367226008004
0,3,male,51.0,0,0,8.05,S,Third,man,True,no,True,Adult,1.6619755632323148,-0.48606442844527137
0,3,male,28.0,0,0,7.8958,S,Third,man,True,no,True,Young Adult,-0.10457866558193422,-0.4891674544258282
1,1,male,38.0,1,0,90.0,S,First,man,True,yes,False,Adult,0.663488390424261,1.1630469795095626
0,3,male,22.0,0,0,9.35,S,Third,man,True,no,True,Young Adult,-0.5654188991856514,-0.45990402783097867
1,2,male,19.0,0,0,10.5,S,Second,man,True,yes,True,Young Adult,-0.79583901598751,-0.43676213497987365
0,3,male,20.5,0,0,7.25,S,Third,man,True,no,True,Young Adult,-0.6806289575865806,-0.5021631365156053
0,2,male,18.0,0,0,13.0,S,Second,man,True,no,True,Teen,-0.8726457215881294,-0.38645367226008004
0,3,female,28.0,3,1,25.4667,S,Third,woman,False,no,False,Young Adult,-0.10457866558193422,-0.13558146738453974
1,1,female,35.0,1,0,83.475,S,First,woman,False,yes,False,Young Adult,0.4330682736224024,1.0317418918109011
0,3,male,29.0,0,0,7.775,S,Third,man,True,no,True,Young Adult,-0.027771959981314702,-0.4915983593444487
0,2,male,59.0,0,0,13.5,S,Second,man,True,no,True,Adult,2.276429208037271,-0.3763919797161213
1,3,female,5.0,4,2,31.3875,S,Third,child,False,yes,False,Child,-1.8711328943961831,-0.016434928955998185
0,2,male,24.0,0,0,10.5,S,Second,man,True,no,True,Young Adult,-0.4118054879844123,-0.43676213497987365
0,3,female,28.0,0,0,7.55,S,Third,woman,False,no,True,Young Adult,-0.10457866558193422,-0.4961261209892301
0,2,male,44.0,1,0,26.0,S,Second,man,True,no,False,Adult,1.1243286240279782,-0.12484966611715337
1,2,female,8.0,0,2,26.25,S,Second,child,False,yes,False,Child,-1.6407127775943247,-0.11981881984517401
0,2,male,19.0,0,0,10.5,S,Second,man,True,no,True,Young Adult,-0.79583901598751,-0.43676213497987365
0,2,male,33.0,0,0,12.275,S,Second,man,True,no,True,Young Adult,0.27945486242116335,-0.40104312644882023
0,3,female,28.0,1,0,14.4542,C,Third,woman,False,no,False,Young Adult,-0.10457866558193422,-0.3571902456652305
1,3,female,28.0,1,0,15.5,Q,Third,woman,False,yes,False,Young Adult,-0.10457866558193422,-0.3361452095402864
0,2,male,29.0,0,0,10.5,S,Second,man,True,no,True,Young Adult,-0.027771959981314702,-0.43676213497987365
0,3,male,22.0,0,0,7.125,S,Third,man,True,no,True,Young Adult,-0.5654188991856514,-0.504678559651595
0,3,male,30.0,0,0,7.225,C,Third,man,True,no,True,Young Adult,0.04903474561930482,-0.5026662211428032
0,1,male,44.0,2,0,90.0,Q,First,man,True,no,False,Adult,1.1243286240279782,1.1630469795095626
0,3,female,25.0,0,0,7.775,S,Third,woman,False,no,True,Young Adult,-0.33499878238379277,-0.4915983593444487
1,2,female,24.0,0,2,14.5,S,Second,woman,False,yes,False,Young Adult,-0.4118054879844123,-0.35626859462820387
1,1,male,37.0,1,1,52.5542,S,First,man,True,yes,False,Adult,0.5866816848236415,0.40951072618442386
0,2,male,54.0,1,0,26.0,S,Second,man,True,no,False,Adult,1.8923956800341732,-0.12484966611715337
0,3,male,28.0,0,0,7.25,S,Third,man,True,no,True,Young Adult,-0.10457866558193422,-0.5021631365156053
0,3,female,29.0,1,1,10.4625,S,Third,woman,False,no,False,Young Adult,-0.027771959981314702,-0.43751676192067057
0,1,male,62.0,0,0,26.55,S,First,man,True,no,True,Senior,2.5068493248391293,-0.11378180431879875
0,3,male,30.0,1,0,16.1,S,Third,man,True,no,False,Young Adult,0.04903474561930482,-0.32407117848753597
0,3,female,41.0,0,2,20.2125,S,Third,woman,False,no,False,Adult,0.8939085072261196,-0.24131375731347557
1,3,female,29.0,0,2,15.2458,C,Third,woman,False,yes,False,Young Adult,-0.027771959981314702,-0.34126057402963506
1,1,female,28.0,0,0,79.2,C,First,woman,False,yes,True,Young Adult,-0.10457866558193422,0.9457144205600544
1,1,female,30.0,0,0,86.5,S,First,woman,False,yes,True,Young Adult,0.04903474561930482,1.0926151317018515
1,1,female,35.0,0,0,512.3292,C,First,woman,False,yes,True,Young Adult,0.4330682736224024,9.661740104981664
1,2,female,50.0,0,1,26.0,S,Second,woman,False,yes,False,Adult,1.5851688576316951,-0.12484966611715337
0,3,male,28.0,0,0,7.75,Q,Third,man,True,no,True,Young Adult,-0.10457866558193422,-0.49210144397164657
1,3,male,3.0,4,2,31.3875,S,Third,child,False,yes,False,Child,-2.0247463055974224,-0.016434928955998185
0,1,male,52.0,1,1,79.65,S,First,man,True,no,False,Adult,1.7387822688329342,0.9547699438496172
0,1,male,40.0,0,0,0.0,S,First,man,True,no,True,Adult,0.8171018016255001,-0.6480576784030068
0,3,female,28.0,0,0,7.75,Q,Third,woman,False,no,True,Young Adult,-0.10457866558193422,-0.49210144397164657
0,2,male,36.0,0,0,10.5,S,Second,man,True,no,True,Adult,0.5098749792230219,-0.43676213497987365
0,3,male,16.0,4,1,39.6875,S,Third,man,True,no,False,Teen,-1.0262591327893684,0.15058916727371655
1,3,male,25.0,1,0,7.775,S,Third,man,True,yes,False,Young Adult,-0.33499878238379277,-0.4915983593444487
1,1,female,58.0,0,1,153.4625,S,First,woman,False,yes,False,Adult,2.1996225024366516,2.440127305651523
1,1,female,35.0,0,0,135.6333,S,First,woman,False,yes,True,Young Adult,0.4330682736224024,2.081343448242025
0,1,male,28.0,0,0,31.0,S,First,man,True,no,True,Young Adult,-0.10457866558193422,-0.024232740677566176
1,3,male,25.0,0,0,0.0,S,Third,man,True,yes,True,Young Adult,-0.33499878238379277,-0.6480576784030068
1,2,female,41.0,0,1,19.5,S,Second,woman,False,yes,False,Adult,0.8939085072261196,-0.2556516691886167
0,1,male,37.0,0,1,29.7,C,First,man,True,no,False,Adult,0.5866816848236415,-0.05039314129185886
1,3,female,28.0,0,0,7.75,Q,Third,woman,False,yes,True,Young Adult,-0.10457866558193422,-0.49210144397164657
1,1,female,63.0,1,0,77.9583,S,First,woman,False,yes,False,Senior,2.583656030439749,0.9207272132963871
0,3,female,45.0,0,0,7.75,S,Third,woman,False,no,True,Adult,1.2011353296285976,-0.49210144397164657
0,2,male,28.0,0,0,0.0,S,Second,man,True,no,True,Young Adult,-0.10457866558193422,-0.6480576784030068
0,3,male,7.0,4,1,29.125,Q,Third,child,False,no,False,Child,-1.717519483194944,-0.061964087717411374
1,3,female,35.0,1,1,20.25,S,Third,woman,False,yes,False,Young Adult,0.4330682736224024,-0.24055913037267862
0,3,male,65.0,0,0,7.75,Q,Third,man,True,no,True,Senior,2.737269441640988,-0.49210144397164657
0,3,male,28.0,0,0,7.8542,S,Third,man,True,no,True,Young Adult,-0.10457866558193422,-0.4900045872454856
0,3,male,16.0,0,0,9.5,S,Third,man,True,no,True,Teen,-1.0262591327893684,-0.4568855200677911
1,3,male,19.0,0,0,8.05,S,Third,man,True,yes,True,Young Adult,-0.79583901598751,-0.48606442844527137
0,1,male,28.0,0,0,26.0,S,First,man,True,no,True,Young Adult,-0.10457866558193422,-0.12484966611715337
0,3,male,33.0,0,0,8.6625,C,Third,man,True,no,True,Young Adult,0.27945486242116335,-0.4737388550789219
1,3,male,30.0,0,0,9.5,S,Third,man,True,yes,True,Young Adult,0.04903474561930482,-0.4568855200677911
0,3,male,22.0,0,0,7.8958,S,Third,man,True,no,True,Young Adult,-0.5654188991856514,-0.4891674544258282
1,2,male,42.0,0,0,13.0,S,Second,man,True,yes,True,Adult,0.970715212826739,-0.38645367226008004
1,3,female,22.0,0,0,7.75,Q,Third,woman,False,yes,True,Young Adult,-0.5654188991856514,-0.49210144397164657
1,1,female,26.0,0,0,78.85,S,First,woman,False,yes,True,Young Adult,-0.25819207678317324,0.938671235779283
1,1,female,19.0,1,0,91.0792,C,First,woman,False,yes,False,Young Adult,-0.79583901598751,1.1847641366964432
0,2,male,36.0,0,0,12.875,C,Second,man,True,no,True,Adult,0.5098749792230219,-0.3889690953960697
0,3,female,24.0,0,0,8.85,S,Third,woman,False,no,True,Young Adult,-0.4118054879844123,-0.4699657203749374
0,3,male,24.0,0,0,7.8958,S,Third,man,True,no,True,Young Adult,-0.4118054879844123,-0.4891674544258282
0,1,male,28.0,0,0,27.7208,C,First,man,True,no,True,Young Adult,-0.10457866558193422,-0.09022134505786503
0,3,male,23.5,0,0,7.2292,C,Third,man,True,no,True,Young Adult,-0.45020884078472206,-0.502581702925434
0,1,female,2.0,1,2,151.55,S,First,child,False,no,False,Child,-2.1015530111980416,2.401641331670881
1,1,male,28.0,0,0,30.5,S,First,man,True,yes,True,Young Adult,-0.10457866558193422,-0.034294433221524895
1,1,female,50.0,0,1,247.5208,C,First,woman,False,yes,False,Adult,1.5851688576316951,4.332898697266388
1,3,female,28.0,0,0,7.75,Q,Third,woman,False,yes,True,Young Adult,-0.10457866558193422,-0.49210144397164657
1,3,male,28.0,2,0,23.25,Q,Third,man,True,yes,False,Young Adult,-0.10457866558193422,-0.1801889751089263
0,3,male,19.0,0,0,0.0,S,Third,man,True,no,True,Young Adult,-0.79583901598751,-0.6480576784030068
1,2,female,28.0,0,0,12.35,Q,Second,woman,False,yes,True,Young Adult,-0.10457866558193422,-0.39953387256722633
0,3,male,28.0,0,0,8.05,S,Third,man,True,no,True,Young Adult,-0.10457866558193422,-0.48606442844527137
1,1,male,0.92,1,2,151.55,S,First,child,False,yes,False,Child,-2.1845042532467107,2.401641331670881
1,1,female,28.0,0,0,110.8833,C,First,woman,False,yes,True,Young Adult,-0.10457866558193422,1.583289667316069
1,1,female,17.0,1,0,108.9,C,First,woman,False,yes,False,Teen,-0.9494524271887489,1.5433789576712023
0,2,male,30.0,1,0,24.0,C,Second,man,True,no,False,Young Adult,0.04903474561930482,-0.16509643629298823
1,1,female,30.0,0,0,56.9292,C,First,woman,False,yes,True,Young Adult,0.04903474561930482,0.4975505359440627
1,1,female,24.0,0,0,83.1583,C,First,woman,False,yes,True,Young Adult,-0.4118054879844123,1.0253688157535579
1,1,female,18.0,2,2,262.375,C,First,woman,False,yes,False,Teen,-0.8726457215881294,4.631815484039331
0,2,female,26.0,1,1,26.0,S,Second,woman,False,no,False,Young Adult,-0.25819207678317324,-0.12484966611715337
0,3,male,28.0,0,0,7.8958,S,Third,man,True,no,True,Young Adult,-0.10457866558193422,-0.4891674544258282
0,2,male,43.0,1,1,26.25,S,Second,man,True,no,False,Adult,1.0475219184273585,-0.11981881984517401
1,3,female,26.0,0,0,7.8542,S,Third,woman,False,yes,True,Young Adult,-0.25819207678317324,-0.4900045872454856
1,2,female,24.0,1,0,26.0,S,Second,woman,False,yes,False,Young Adult,-0.4118054879844123,-0.12484966611715337
0,2,male,54.0,0,0,14.0,S,Second,man,True,no,True,Adult,1.8923956800341732,-0.3663302871721626
1,1,female,31.0,0,2,164.8667,S,First,woman,False,yes,False,Young Adult,0.12584145121992435,2.669618413871151
1,1,female,40.0,1,1,134.5,C,First,woman,False,yes,False,Adult,0.8171018016255001,2.0585376159218884
0,3,male,22.0,0,0,7.25,S,Third,man,True,no,True,Young Adult,-0.5654188991856514,-0.5021631365156053
0,3,male,27.0,0,0,7.8958,S,Third,man,True,no,True,Young Adult,-0.18138537118255374,-0.4891674544258282
1,2,female,30.0,0,0,12.35,Q,Second,woman,False,yes,True,Young Adult,0.04903474561930482,-0.39953387256722633
1,2,female,22.0,1,1,29.0,S,Second,woman,False,yes,False,Young Adult,-0.5654188991856514,-0.06447951085340105
0,3,male,28.0,8,2,69.55,S,Third,man,True,no,False,Young Adult,-0.10457866558193422,0.751523754461651
1,1,female,36.0,0,0,135.6333,C,First,woman,False,yes,True,Adult,0.5098749792230219,2.081343448242025
0,3,male,61.0,0,0,6.2375,S,Third,man,True,no,True,Senior,2.43004261923851,-0.5225380639171217
1,2,female,36.0,0,0,13.0,S,Second,woman,False,yes,True,Adult,0.5098749792230219,-0.38645367226008004
1,3,female,31.0,1,1,20.525,S,Third,woman,False,yes,False,Young Adult,0.12584145121992435,-0.23502519947350137
1,1,female,16.0,0,1,57.9792,C,First,woman,False,yes,False,Teen,-1.0262591327893684,0.518680090286376
1,3,female,28.0,2,0,23.25,Q,Third,woman,False,yes,False,Young Adult,-0.10457866558193422,-0.1801889751089263
0,1,male,45.5,0,0,28.5,S,First,man,True,no,True,Adult,1.2395386824289074,-0.07454120339735977
0,1,male,38.0,0,1,153.4625,S,First,man,True,no,False,Adult,0.663488390424261,2.440127305651523
0,3,male,16.0,2,0,18.0,S,Third,man,True,no,False,Teen,-1.0262591327893684,-0.28583674682049287
1,1,female,28.0,1,0,133.65,S,First,woman,False,yes,False,Young Adult,-0.10457866558193422,2.041432738597159
0,3,male,28.0,0,0,7.8958,S,Third,man,True,no,True,Young Adult,-0.10457866558193422,-0.4891674544258282
0,1,male,29.0,1,0,66.6,S,First,man,True,no,False,Young Adult,-0.027771959981314702,0.6921597684522944
1,1,female,41.0,0,0,134.5,C,First,woman,False,yes,True,Adult,0.8939085072261196,2.0585376159218884
1,3,male,45.0,0,0,8.05,S,Third,man,True,yes,True,Adult,1.2011353296285976,-0.48606442844527137
0,1,male,45.0,0,0,35.5,S,First,man,True,no,True,Adult,1.2011353296285976,0.06632249221806229
1,2,male,2.0,1,1,26.0,S,Second,child,False,yes,False,Child,-2.1015530111980416,-0.12484966611715337
1,1,female,24.0,3,2,263.0,S,First,woman,False,yes,False,Young Adult,-0.4118054879844123,4.644392599719279
0,2,male,28.0,0,0,13.0,S,Second,man,True,no,True,Young Adult,-0.10457866558193422,-0.38645367226008004
0,2,male,25.0,0,0,13.0,S,Second,man,True,no,True,Young Adult,-0.33499878238379277,-0.38645367226008004
0,2,male,36.0,0,0,13.0,S,Second,man,True,no,True,Adult,0.5098749792230219,-0.38645367226008004
1,2,female,24.0,0,0,13.0,S,Second,woman,False,yes,True,Young Adult,-0.4118054879844123,-0.38645367226008004
1,2,female,40.0,0,0,13.0,S,Second,woman,False,yes,True,Adult,0.8171018016255001,-0.38645367226008004
1,3,female,28.0,1,0,16.1,S,Third,woman,False,yes,False,Young Adult,-0.10457866558193422,-0.32407117848753597
1,3,male,3.0,1,1,15.9,S,Third,child,False,yes,False,Child,-2.0247463055974224,-0.3280958555051195
0,3,male,42.0,0,0,8.6625,S,Third,man,True,no,True,Adult,0.970715212826739,-0.4737388550789219
0,3,male,23.0,0,0,9.225,S,Third,man,True,no,True,Young Adult,-0.48861219358503183,-0.46241945096696835
0,1,male,28.0,0,0,35.0,S,First,man,True,no,True,Young Adult,-0.10457866558193422,0.05626079967410357
0,3,male,15.0,1,1,7.2292,C,Third,child,False,no,False,Teen,-1.103065838389988,-0.502581702925434
0,3,male,25.0,1,0,17.8,S,Third,man,True,no,False,Young Adult,-0.33499878238379277,-0.28986142383807634
0,3,male,28.0,0,0,7.225,C,Third,man,True,no,True,Young Adult,-0.10457866558193422,-0.5026662211428032
0,3,male,28.0,0,0,9.5,S,Third,man,True,no,True,Young Adult,-0.10457866558193422,-0.4568855200677911
1,1,female,22.0,0,1,55.0,S,First,woman,False,yes,False,Young Adult,-0.5654188991856514,0.4587285014324523
0,2,female,38.0,0,0,13.0,S,Second,woman,False,no,True,Adult,0.663488390424261,-0.38645367226008004
1,3,female,28.0,0,0,7.8792,Q,Third,woman,False,yes,True,Young Adult,-0.10457866558193422,-0.4895015026182876
1,3,female,28.0,0,0,7.8792,Q,Third,woman,False,yes,True,Young Adult,-0.10457866558193422,-0.4895015026182876
0,3,male,40.0,1,4,27.9,S,Third,man,True,no,False,Adult,0.8171018016255001,-0.08661523445011025
0,2,male,29.0,1,0,27.7208,C,Second,man,True,no,False,Young Adult,-0.027771959981314702,-0.09022134505786503
0,3,female,45.0,0,1,14.4542,C,Third,woman,False,no,False,Adult,1.2011353296285976,-0.3571902456652305
0,3,male,35.0,0,0,7.05,S,Third,man,True,no,True,Young Adult,0.4330682736224024,-0.5061878135331888
0,3,male,28.0,1,0,15.5,Q,Third,man,True,no,False,Young Adult,-0.10457866558193422,-0.3361452095402864
0,3,male,30.0,0,0,7.25,S,Third,man,True,no,True,Young Adult,0.04903474561930482,-0.5021631365156053
1,1,female,60.0,1,0,75.25,C,First,woman,False,yes,False,Adult,2.3532359136378904,0.8662270494627804
1,3,female,28.0,0,0,7.2292,C,Third,woman,False,yes,True,Young Adult,-0.10457866558193422,-0.502581702925434
1,3,female,28.0,0,0,7.75,Q,Third,woman,False,yes,True,Young Adult,-0.10457866558193422,-0.49210144397164657
1,1,female,24.0,0,0,69.3,C,First,woman,False,yes,True,Young Adult,-0.4118054879844123,0.7464929081896716
1,1,male,25.0,1,0,55.4417,C,First,man,True,yes,False,Young Adult,-0.33499878238379277,0.4676170006257854
0,3,male,18.0,1,0,6.4958,S,Third,man,True,no,False,Teen,-0.8726457215881294,-0.5173401935489127
0,3,male,19.0,0,0,8.05,S,Third,man,True,no,True,Young Adult,-0.79583901598751,-0.48606442844527137
0,1,male,22.0,0,0,135.6333,C,First,man,True,no,True,Young Adult,-0.5654188991856514,2.081343448242025
0,3,female,3.0,3,1,21.075,S,Third,child,False,no,False,Child,-2.0247463055974224,-0.22395733767514675
1,1,female,28.0,1,0,82.1708,C,First,woman,False,yes,False,Young Adult,-0.10457866558193422,1.0054969729792393
1,3,female,22.0,0,0,7.25,S,Third,woman,False,yes,True,Young Adult,-0.5654188991856514,-0.5021631365156053
0,1,male,27.0,0,2,211.5,C,First,man,True,no,False,Young Adult,-0.18138537118255374,3.6080382676915317
0,3,male,20.0,0,0,4.0125,C,Third,man,True,no,True,Young Adult,-0.7190323103868904,-0.5673125957377381
0,3,male,19.0,0,0,7.775,S,Third,man,True,no,True,Young Adult,-0.79583901598751,-0.4915983593444487
1,1,female,42.0,0,0,227.525,C,First,woman,False,yes,True,Adult,0.970715212826739,3.930515513725408
1,3,female,1.0,0,2,15.7417,C,Third,child,False,yes,False,Child,-2.1783597167986612,-0.3312813873645368
0,3,male,32.0,0,0,7.925,S,Third,man,True,no,True,Young Adult,0.20264815682054385,-0.48857985158126105
1,1,female,35.0,1,0,52.0,S,First,woman,False,yes,False,Young Adult,0.4330682736224024,0.39835834616870003
0,3,male,28.0,0,0,7.8958,S,Third,man,True,no,True,Young Adult,-0.10457866558193422,-0.4891674544258282
0,2,male,18.0,0,0,73.5,S,Second,man,True,no,True,Teen,-0.8726457215881294,0.8310111255589249
0,3,male,1.0,5,2,46.9,S,Third,child,False,no,False,Child,-2.1783597167986612,0.29572908222032107
1,2,female,36.0,0,0,13.0,S,Second,woman,False,yes,True,Adult,0.5098749792230219,-0.38645367226008004
0,3,male,28.0,0,0,7.7292,Q,Third,man,True,no,True,Young Adult,-0.10457866558193422,-0.4925200103814753
1,2,female,17.0,0,0,12.0,C,Second,woman,False,yes,True,Teen,-0.9494524271887489,-0.4065770573479975
1,1,male,36.0,1,2,120.0,S,First,man,True,yes,False,Adult,0.5098749792230219,1.7667485321470857
1,3,male,21.0,0,0,7.7958,S,Third,man,True,yes,True,Young Adult,-0.6422256047862709,-0.49117979293462
0,3,male,28.0,2,0,7.925,S,Third,man,True,no,False,Young Adult,-0.10457866558193422,-0.48857985158126105
1,1,female,23.0,1,0,113.275,C,First,woman,False,yes,False,Young Adult,-0.48861219358503183,1.6314187674308411
1,3,female,24.0,0,2,16.7,S,Third,woman,False,yes,False,Young Adult,-0.4118054879844123,-0.3119971474347855
0,3,male,22.0,0,0,7.7958,S,Third,man,True,no,True,Young Adult,-0.5654188991856514,-0.49117979293462
0,3,female,31.0,0,0,7.8542,S,Third,woman,False,no,True,Young Adult,0.12584145121992435,-0.4900045872454856
0,2,male,46.0,0,0,26.0,S,Second,man,True,no,True,Adult,1.2779420352292172,-0.12484966611715337
0,2,male,23.0,0,0,10.5,S,Second,man,True,no,True,Young Adult,-0.48861219358503183,-0.43676213497987365
1,2,female,28.0,0,0,12.65,S,Second,woman,False,yes,True,Young Adult,-0.10457866558193422,-0.3934968570408512
1,3,male,39.0,0,0,7.925,S,Third,man,True,yes,True,Adult,0.7402950960248805,-0.48857985158126105
0,3,male,26.0,0,0,8.05,S,Third,man,True,no,True,Young Adult,-0.25819207678317324,-0.48606442844527137
0,3,female,21.0,1,0,9.825,S,Third,woman,False,no,False,Young Adult,-0.6422256047862709,-0.45034541991421795
0,3,male,28.0,1,0,15.85,S,Third,man,True,no,False,Young Adult,-0.10457866558193422,-0.32910202475951533
0,3,female,20.0,0,0,8.6625,S,Third,woman,False,no,True,Young Adult,-0.7190323103868904,-0.4737388550789219
0,2,male,34.0,1,0,21.0,S,Second,man,True,no,False,Young Adult,0.3562615680217829,-0.22546659155674054
0,3,male,51.0,0,0,7.75,S,Third,man,True,no,True,Adult,1.6619755632323148,-0.49210144397164657
1,2,male,3.0,1,1,18.75,S,Second,child,False,yes,False,Child,-2.0247463055974224,-0.2707442080045548
0,3,male,21.0,0,0,7.775,S,Third,man,True,no,True,Young Adult,-0.6422256047862709,-0.4915983593444487
0,3,female,28.0,3,1,25.4667,S,Third,woman,False,no,False,Young Adult,-0.10457866558193422,-0.13558146738453974
0,3,male,28.0,0,0,7.8958,S,Third,man,True,no,True,Young Adult,-0.10457866558193422,-0.4891674544258282
0,3,male,28.0,0,0,6.8583,Q,Third,man,True,no,True,Young Adult,-0.10457866558193422,-0.5100454664545425
1,1,female,33.0,1,0,90.0,Q,First,woman,False,yes,False,Young Adult,0.27945486242116335,1.1630469795095626
0,2,male,28.0,0,0,0.0,S,Second,man,True,no,True,Young Adult,-0.10457866558193422,-0.6480576784030068
1,3,male,44.0,0,0,7.925,S,Third,man,True,yes,True,Adult,1.1243286240279782,-0.48857985158126105
0,3,female,28.0,0,0,8.05,S,Third,woman,False,no,True,Young Adult,-0.10457866558193422,-0.48606442844527137
1,2,female,34.0,1,1,32.5,S,Second,woman,False,yes,False,Young Adult,0.3562615680217829,0.005952336954309979
1,2,female,18.0,0,2,13.0,S,Second,woman,False,yes,False,Teen,-0.8726457215881294,-0.38645367226008004
0,2,male,30.0,0,0,13.0,S,Second,man,True,no,True,Young Adult,0.04903474561930482,-0.38645367226008004
0,3,female,10.0,0,2,24.15,S,Third,child,False,no,False,Child,-1.4870993663930856,-0.16207792852980066
0,3,male,28.0,0,0,7.8958,C,Third,man,True,no,True,Young Adult,-0.10457866558193422,-0.4891674544258282
0,3,male,21.0,0,0,7.7333,Q,Third,man,True,no,True,Young Adult,-0.6422256047862709,-0.4924375045026148
0,3,male,29.0,0,0,7.875,S,Third,man,True,no,True,Young Adult,-0.027771959981314702,-0.4895860208356569
0,3,female,28.0,1,1,14.4,S,Third,woman,False,no,False,Young Adult,-0.10457866558193422,-0.35828093313699566
0,3,male,18.0,1,1,20.2125,S,Third,man,True,no,False,Teen,-0.8726457215881294,-0.24131375731347557
0,3,male,28.0,0,0,7.25,S,Third,man,True,no,True,Young Adult,-0.10457866558193422,-0.5021631365156053
1,2,female,28.0,1,0,26.0,S,Second,woman,False,yes,False,Young Adult,-0.10457866558193422,-0.12484966611715337
1,2,female,19.0,0,0,26.0,S,Second,woman,False,yes,True,Young Adult,-0.79583901598751,-0.12484966611715337
0,3,male,28.0,0,0,7.75,Q,Third,man,True,no,True,Young Adult,-0.10457866558193422,-0.49210144397164657
1,3,male,32.0,0,0,8.05,S,Third,man,True,yes,True,Young Adult,0.20264815682054385,-0.48606442844527137
1,1,male,28.0,0,0,26.55,S,First,man,True,yes,True,Young Adult,-0.10457866558193422,-0.11378180431879875
1,3,female,28.0,1,0,16.1,S,Third,woman,False,yes,False,Young Adult,-0.10457866558193422,-0.32407117848753597
1,2,female,42.0,1,0,26.0,S,Second,woman,False,yes,False,Adult,0.970715212826739,-0.12484966611715337
0,3,male,17.0,0,0,7.125,S,Third,man,True,no,True,Teen,-0.9494524271887489,-0.504678559651595
0,1,male,50.0,1,0,55.9,S,First,man,True,no,False,Adult,1.5851688576316951,0.47683954801157796
1,1,female,14.0,1,2,120.0,S,First,child,False,yes,False,Teen,-1.1798725439906075,1.7667485321470857
0,3,female,21.0,2,2,34.375,S,Third,woman,False,no,False,Young Adult,-0.6422256047862709,0.043683683994155176
1,2,female,24.0,2,3,18.75,S,Second,woman,False,yes,False,Young Adult,-0.4118054879844123,-0.2707442080045548
0,1,male,64.0,1,4,263.0,S,First,man,True,no,False,Senior,2.6604627360403685,4.644392599719279
0,2,male,31.0,0,0,10.5,S,Second,man,True,no,True,Young Adult,0.12584145121992435,-0.43676213497987365
1,2,female,45.0,1,1,26.25,S,Second,woman,False,yes,False,Adult,1.2011353296285976,-0.11981881984517401
0,3,male,20.0,0,0,9.5,S,Third,man,True,no,True,Young Adult,-0.7190323103868904,-0.4568855200677911
0,3,male,25.0,1,0,7.775,S,Third,man,True,no,False,Young Adult,-0.33499878238379277,-0.4915983593444487
1,2,female,28.0,0,0,13.0,S,Second,woman,False,yes,True,Young Adult,-0.10457866558193422,-0.38645367226008004
1,3,male,28.0,0,0,8.1125,S,Third,man,True,yes,True,Young Adult,-0.10457866558193422,-0.4848067168772765
1,1,male,4.0,0,2,81.8583,S,First,child,False,yes,False,Child,-1.9479395999968028,0.9992084151392652
1,2,female,13.0,0,1,19.5,S,Second,child,False,yes,False,Teen,-1.2566792495912271,-0.2556516691886167
1,1,male,34.0,0,0,26.55,S,First,man,True,yes,True,Young Adult,0.3562615680217829,-0.11378180431879875
1,3,female,5.0,2,1,19.2583,C,Third,child,False,yes,False,Child,-1.8711328943961831,-0.26051549136436636
1,1,male,52.0,0,0,30.5,S,First,man,True,yes,True,Adult,1.7387822688329342,-0.034294433221524895
0,2,male,36.0,1,2,27.75,S,Second,man,True,no,False,Adult,0.5098749792230219,-0.08963374221329785
0,3,male,28.0,1,0,19.9667,S,Third,man,True,no,False,Young Adult,-0.10457866558193422,-0.24626008536808563
0,1,male,30.0,0,0,27.75,C,First,man,True,no,True,Young Adult,0.04903474561930482,-0.08963374221329785
1,1,male,49.0,1,0,89.1042,C,First,man,True,yes,False,Adult,1.5083621520310757,1.1450204511478064
0,3,male,28.0,0,0,8.05,S,Third,man,True,no,True,Young Adult,-0.10457866558193422,-0.48606442844527137
1,3,male,29.0,0,0,7.8958,C,Third,man,True,yes,True,Young Adult,-0.027771959981314702,-0.4891674544258282
0,1,male,65.0,0,0,26.55,S,First,man,True,no,True,Senior,2.737269441640988,-0.11378180431879875
1,1,female,28.0,1,0,51.8625,S,First,woman,False,yes,False,Young Adult,-0.10457866558193422,0.3955913807191113
1,2,female,50.0,0,0,10.5,S,Second,woman,False,yes,True,Adult,1.5851688576316951,-0.43676213497987365
0,3,male,28.0,0,0,7.75,Q,Third,man,True,no,True,Young Adult,-0.10457866558193422,-0.49210144397164657
1,1,male,48.0,0,0,26.55,S,First,man,True,yes,True,Adult,1.431555446430456,-0.11378180431879875
0,3,male,34.0,0,0,8.05,S,Third,man,True,no,True,Young Adult,0.3562615680217829,-0.48606442844527137
0,1,male,47.0,0,0,38.5,S,First,man,True,no,True,Adult,1.3547487408298367,0.1266926474818146
0,2,male,48.0,0,0,13.0,S,Second,man,True,no,True,Adult,1.431555446430456,-0.38645367226008004
0,3,male,28.0,0,0,8.05,S,Third,man,True,no,True,Young Adult,-0.10457866558193422,-0.48606442844527137
0,3,male,38.0,0,0,7.05,S,Third,man,True,no,True,Adult,0.663488390424261,-0.5061878135331888
0,2,male,28.0,0,0,0.0,S,Second,man,True,no,True,Young Adult,-0.10457866558193422,-0.6480576784030068
0,1,male,56.0,0,0,26.55,S,First,man,True,no,True,Adult,2.0460090912354123,-0.11378180431879875
0,3,male,28.0,0,0,7.725,Q,Third,man,True,no,True,Young Adult,-0.10457866558193422,-0.4926045285988445
1,3,female,0.75,2,1,19.2583,C,Third,child,False,yes,False,Child,-2.197561393198816,-0.26051549136436636
0,3,male,28.0,0,0,7.25,S,Third,man,True,no,True,Young Adult,-0.10457866558193422,-0.5021631365156053
0,3,male,38.0,0,0,8.6625,S,Third,man,True,no,True,Adult,0.663488390424261,-0.4737388550789219
1,2,female,33.0,1,2,27.75,S,Second,woman,False,yes,False,Young Adult,0.27945486242116335,-0.08963374221329785
1,2,female,23.0,0,0,13.7917,C,Second,woman,False,yes,True,Young Adult,-0.48861219358503183,-0.3705219882859758
0,3,female,22.0,0,0,9.8375,S,Third,woman,False,no,True,Young Adult,-0.5654188991856514,-0.450093877600619
0,1,male,28.0,0,0,52.0,S,First,man,True,no,True,Young Adult,-0.10457866558193422,0.39835834616870003
0,2,male,34.0,1,0,21.0,S,Second,man,True,no,False,Young Adult,0.3562615680217829,-0.22546659155674054
0,3,male,29.0,1,0,7.0458,S,Third,man,True,no,False,Young Adult,-0.027771959981314702,-0.5062723317505581
0,3,male,22.0,0,0,7.5208,S,Third,man,True,no,True,Young Adult,-0.5654188991856514,-0.49671372383379725
1,3,female,2.0,0,1,12.2875,S,Third,child,False,yes,False,Child,-2.1015530111980416,-0.4007915841352212
0,3,male,9.0,5,2,46.9,S,Third,child,False,no,False,Child,-1.563906071993705,0.29572908222032107
0,2,male,28.0,0,0,0.0,S,Second,man,True,no,True,Young Adult,-0.10457866558193422,-0.6480576784030068
0,3,male,50.0,0,0,8.05,S,Third,man,True,no,True,Adult,1.5851688576316951,-0.48606442844527137
1,3,female,63.0,0,0,9.5875,S,Third,woman,False,yes,True,Senior,2.583656030439749,-0.45512472387259834
1,1,male,25.0,1,0,91.0792,C,First,man,True,yes,False,Young Adult,-0.33499878238379277,1.1847641366964432
0,3,female,28.0,3,1,25.4667,S,Third,woman,False,no,False,Young Adult,-0.10457866558193422,-0.13558146738453974
1,1,female,35.0,1,0,90.0,S,First,woman,False,yes,False,Young Adult,0.4330682736224024,1.1630469795095626
0,1,male,58.0,0,0,29.7,C,First,man,True,no,True,Adult,2.1996225024366516,-0.05039314129185886
0,3,male,30.0,0,0,8.05,S,Third,man,True,no,True,Young Adult,0.04903474561930482,-0.48606442844527137
1,3,male,9.0,1,1,15.9,S,Third,child,False,yes,False,Child,-1.563906071993705,-0.3280958555051195
0,3,male,28.0,1,0,19.9667,S,Third,man,True,no,False,Young Adult,-0.10457866558193422,-0.24626008536808563
0,3,male,21.0,0,0,7.25,S,Third,man,True,no,True,Young Adult,-0.6422256047862709,-0.5021631365156053
0,1,male,55.0,0,0,30.5,S,First,man,True,no,True,Adult,1.9692023856347929,-0.034294433221524895
0,1,male,71.0,0,0,49.5042,C,First,man,True,no,True,Senior,3.198109675244705,0.34813440166627563
0,3,male,21.0,0,0,8.05,S,Third,man,True,no,True,Young Adult,-0.6422256047862709,-0.48606442844527137
0,3,male,28.0,0,0,14.4583,C,Third,man,True,no,True,Young Adult,-0.10457866558193422,-0.35710773978637
1,1,female,54.0,1,0,78.2667,C,First,woman,False,yes,False,Adult,1.8923956800341732,0.926933265257501
0,3,male,28.0,0,0,15.1,S,Third,man,True,no,True,Young Adult,-0.10457866558193422,-0.3441945635754534
0,1,female,25.0,1,2,151.55,S,First,woman,False,no,False,Young Adult,-0.33499878238379277,2.401641331670881
0,3,male,24.0,0,0,7.7958,S,Third,man,True,no,True,Young Adult,-0.4118054879844123,-0.49117979293462
0,3,male,17.0,0,0,8.6625,S,Third,man,True,no,True,Teen,-0.9494524271887489,-0.4737388550789219
0,3,female,21.0,0,0,7.75,Q,Third,woman,False,no,True,Young Adult,-0.6422256047862709,-0.49210144397164657
0,3,female,28.0,0,0,7.6292,Q,Third,woman,False,no,True,Young Adult,-0.10457866558193422,-0.494532348890267
0,3,female,37.0,0,0,9.5875,S,Third,woman,False,no,True,Adult,0.5866816848236415,-0.45512472387259834
1,1,female,16.0,0,0,86.5,S,First,woman,False,yes,True,Teen,-1.0262591327893684,1.0926151317018515
0,1,male,18.0,1,0,108.9,C,First,man,True,no,False,Teen,-0.8726457215881294,1.5433789576712023
1,2,female,33.0,0,2,26.0,S,Second,woman,False,yes,False,Young Adult,0.27945486242116335,-0.12484966611715337
1,1,male,28.0,0,0,26.55,S,First,man,True,yes,True,Young Adult,-0.10457866558193422,-0.11378180431879875
0,3,male,28.0,0,0,22.525,S,Third,man,True,no,True,Young Adult,-0.10457866558193422,-0.19477842929766648
1,3,male,26.0,0,0,56.4958,S,Third,man,True,yes,True,Young Adult,-0.25819207678317324,0.48882906084695926
1,3,male,29.0,0,0,7.75,Q,Third,man,True,yes,True,Young Adult,-0.027771959981314702,-0.49210144397164657
0,3,male,28.0,0,0,8.05,S,Third,man,True,no,True,Young Adult,-0.10457866558193422,-0.48606442844527137
1,1,male,36.0,0,0,26.2875,S,First,man,True,yes,True,Adult,0.5098749792230219,-0.11906419290437707
1,1,female,54.0,1,0,59.4,C,First,woman,False,yes,False,Adult,1.8923956800341732,0.547271395819289
0,3,male,24.0,0,0,7.4958,S,Third,man,True,no,True,Young Adult,-0.4118054879844123,-0.4972168084609952
0,1,male,47.0,0,0,34.0208,S,First,man,True,no,True,Adult,1.3547487408298367,0.03655598099601484
1,2,female,34.0,0,0,10.5,S,Second,woman,False,yes,True,Young Adult,0.3562615680217829,-0.43676213497987365
0,3,male,28.0,0,0,24.15,Q,Third,man,True,no,True,Young Adult,-0.10457866558193422,-0.16207792852980066
1,2,female,36.0,1,0,26.0,S,Second,woman,False,yes,False,Adult,0.5098749792230219,-0.12484966611715337
0,3,male,32.0,0,0,7.8958,S,Third,man,True,no,True,Young Adult,0.20264815682054385,-0.4891674544258282
1,1,female,30.0,0,0,93.5,S,First,woman,False,yes,True,Young Adult,0.04903474561930482,1.2334788273172737
0,3,male,22.0,0,0,7.8958,S,Third,man,True,no,True,Young Adult,-0.5654188991856514,-0.4891674544258282
0,3,male,28.0,0,0,7.225,C,Third,man,True,no,True,Young Adult,-0.10457866558193422,-0.5026662211428032
1,1,female,44.0,0,1,57.9792,C,First,woman,False,yes,False,Adult,1.1243286240279782,0.518680090286376
0,3,male,28.0,0,0,7.2292,C,Third,man,True,no,True,Young Adult,-0.10457866558193422,-0.502581702925434
0,3,male,40.5,0,0,7.75,Q,Third,man,True,no,True,Adult,0.8555051544258098,-0.49210144397164657
1,2,female,50.0,0,0,10.5,S,Second,woman,False,yes,True,Adult,1.5851688576316951,-0.43676213497987365
0,1,male,28.0,0,0,221.7792,S,First,man,True,no,True,Young Adult,-0.10457866558193422,3.8148905676872524
0,3,male,39.0,0,0,7.925,S,Third,man,True,no,True,Adult,0.7402950960248805,-0.48857985158126105
0,2,male,23.0,2,1,11.5,S,Second,man,True,no,False,Young Adult,-0.48861219358503183,-0.4166387498919562
1,2,female,2.0,1,1,26.0,S,Second,child,False,yes,False,Child,-2.1015530111980416,-0.12484966611715337
0,3,male,28.0,0,0,7.2292,C,Third,man,True,no,True,Young Adult,-0.10457866558193422,-0.502581702925434
0,3,male,17.0,1,1,7.2292,C,Third,man,True,no,False,Teen,-0.9494524271887489,-0.502581702925434
1,3,female,28.0,0,2,22.3583,C,Third,woman,False,yes,False,Young Adult,-0.10457866558193422,-0.1981329975918223
0,3,female,30.0,0,0,8.6625,S,Third,woman,False,no,True,Young Adult,0.04903474561930482,-0.4737388550789219
1,2,female,7.0,0,2,26.25,S,Second,child,False,yes,False,Child,-1.717519483194944,-0.11981881984517401
0,1,male,45.0,0,0,26.55,S,First,man,True,no,True,Adult,1.2011353296285976,-0.11378180431879875
1,1,female,30.0,0,0,106.425,C,First,woman,False,yes,True,Young Adult,0.04903474561930482,1.4935735795786065
0,3,male,28.0,0,0,14.5,S,Third,man,True,no,True,Young Adult,-0.10457866558193422,-0.35626859462820387
1,1,female,22.0,0,2,49.5,C,First,woman,False,yes,False,Young Adult,-0.5654188991856514,0.3480498834489064
1,1,female,36.0,0,2,71.0,S,First,woman,False,yes,False,Adult,0.5098749792230219,0.7807026628391313
0,3,female,9.0,4,2,31.275,S,Third,child,False,no,False,Child,-1.563906071993705,-0.01869880977838891
0,3,female,11.0,4,2,31.275,S,Third,child,False,no,False,Child,-1.410292660792466,-0.01869880977838891
1,2,male,32.0,1,0,26.0,S,Second,man,True,yes,False,Young Adult,0.20264815682054385,-0.12484966611715337
0,1,male,50.0,1,0,106.425,C,First,man,True,no,False,Adult,1.5851688576316951,1.4935735795786065
0,1,male,64.0,0,0,26.0,S,First,man,True,no,True,Senior,2.6604627360403685,-0.12484966611715337
1,2,female,19.0,1,0,26.0,S,Second,woman,False,yes,False,Young Adult,-0.79583901598751,-0.12484966611715337
1,2,male,28.0,0,0,13.8625,C,Second,man,True,yes,True,Young Adult,-0.10457866558193422,-0.36909725262175125
0,3,male,33.0,1,1,20.525,S,Third,man,True,no,False,Young Adult,0.27945486242116335,-0.23502519947350137
1,2,male,8.0,1,1,36.75,S,Second,child,False,yes,False,Child,-1.6407127775943247,0.0914767235779591
1,1,male,17.0,0,2,110.8833,C,First,man,True,yes,False,Teen,-0.9494524271887489,1.583289667316069
0,2,male,27.0,0,0,26.0,S,Second,man,True,no,True,Young Adult,-0.18138537118255374,-0.12484966611715337
0,3,male,28.0,0,0,7.8292,Q,Third,man,True,no,True,Young Adult,-0.10457866558193422,-0.4905076718726835
1,3,male,22.0,0,0,7.225,C,Third,man,True,yes,True,Young Adult,-0.5654188991856514,-0.5026662211428032
1,3,female,22.0,0,0,7.775,S,Third,woman,False,yes,True,Young Adult,-0.5654188991856514,-0.4915983593444487
0,1,male,62.0,0,0,26.55,S,First,man,True,no,True,Senior,2.5068493248391293,-0.11378180431879875
1,1,female,48.0,1,0,39.6,C,First,woman,False,yes,False,Adult,1.431555446430456,0.1488283710785238
0,1,male,28.0,0,0,227.525,C,First,man,True,no,True,Young Adult,-0.10457866558193422,3.930515513725408
1,1,female,39.0,1,1,79.65,S,First,woman,False,yes,False,Adult,0.7402950960248805,0.9547699438496172
1,3,female,36.0,1,0,17.4,S,Third,woman,False,yes,False,Adult,0.5098749792230219,-0.2979107778732433
0,3,male,28.0,0,0,7.75,Q,Third,man,True,no,True,Young Adult,-0.10457866558193422,-0.49210144397164657
0,3,male,40.0,0,0,7.8958,S,Third,man,True,no,True,Adult,0.8171018016255001,-0.4891674544258282
0,2,male,28.0,0,0,13.5,S,Second,man,True,no,True,Young Adult,-0.10457866558193422,-0.3763919797161213
0,3,male,28.0,0,0,8.05,S,Third,man,True,no,True,Young Adult,-0.10457866558193422,-0.48606442844527137
0,3,female,28.0,0,0,8.05,S,Third,woman,False,no,True,Young Adult,-0.10457866558193422,-0.48606442844527137
0,3,male,24.0,2,0,24.15,S,Third,man,True,no,False,Young Adult,-0.4118054879844123,-0.16207792852980066
0,3,male,19.0,0,0,7.8958,S,Third,man,True,no,True,Young Adult,-0.79583901598751,-0.4891674544258282
0,3,female,29.0,0,4,21.075,S,Third,woman,False,no,False,Young Adult,-0.027771959981314702,-0.22395733767514675
0,3,male,28.0,0,0,7.2292,C,Third,man,True,no,True,Young Adult,-0.10457866558193422,-0.502581702925434
1,3,male,32.0,0,0,7.8542,S,Third,man,True,yes,True,Young Adult,0.20264815682054385,-0.4900045872454856
1,2,male,62.0,0,0,10.5,S,Second,man,True,yes,True,Senior,2.5068493248391293,-0.43676213497987365
1,1,female,53.0,2,0,51.4792,S,First,woman,False,yes,False,Adult,1.8155889744335538,0.38787808721491257
1,1,male,36.0,0,0,26.3875,S,First,man,True,yes,True,Adult,0.5098749792230219,-0.11705185439558537
1,3,female,28.0,0,0,7.75,Q,Third,woman,False,yes,True,Young Adult,-0.10457866558193422,-0.49210144397164657
0,3,male,16.0,0,0,8.05,S,Third,man,True,no,True,Teen,-1.0262591327893684,-0.48606442844527137
0,3,male,19.0,0,0,14.5,S,Third,man,True,no,True,Young Adult,-0.79583901598751,-0.35626859462820387
1,2,female,34.0,0,0,13.0,S,Second,woman,False,yes,True,Young Adult,0.3562615680217829,-0.38645367226008004
1,1,female,39.0,1,0,55.9,S,First,woman,False,yes,False,Adult,0.7402950960248805,0.47683954801157796
0,3,female,28.0,1,0,14.4583,C,Third,woman,False,no,False,Young Adult,-0.10457866558193422,-0.35710773978637
1,3,male,32.0,0,0,7.925,S,Third,man,True,yes,True,Young Adult,0.20264815682054385,-0.48857985158126105
1,2,female,25.0,1,1,30.0,S,Second,woman,False,yes,False,Young Adult,-0.33499878238379277,-0.04435612576548362
1,1,female,39.0,1,1,110.8833,C,First,woman,False,yes,False,Adult,0.7402950960248805,1.583289667316069
0,2,male,54.0,0,0,26.0,S,Second,man,True,no,True,Adult,1.8923956800341732,-0.12484966611715337
0,1,male,36.0,0,0,40.125,C,First,man,True,no,True,Adult,0.5098749792230219,0.15939314824968043
0,3,male,28.0,0,0,8.7125,C,Third,man,True,no,True,Young Adult,-0.10457866558193422,-0.4727326858245261
1,1,female,18.0,0,2,79.65,S,First,woman,False,yes,False,Teen,-0.8726457215881294,0.9547699438496172
0,2,male,47.0,0,0,15.0,S,Second,man,True,no,True,Adult,1.3547487408298367,-0.34620690208424515
1,1,male,60.0,1,1,79.2,C,First,man,True,yes,False,Adult,2.3532359136378904,0.9457144205600544
0,3,male,22.0,0,0,8.05,S,Third,man,True,no,True,Young Adult,-0.5654188991856514,-0.48606442844527137
0,3,male,28.0,0,0,8.05,S,Third,man,True,no,True,Young Adult,-0.10457866558193422,-0.48606442844527137
0,3,male,35.0,0,0,7.125,S,Third,man,True,no,True,Young Adult,0.4330682736224024,-0.504678559651595
1,1,female,52.0,1,0,78.2667,C,First,woman,False,yes,False,Adult,1.7387822688329342,0.926933265257501
0,3,male,47.0,0,0,7.25,S,Third,man,True,no,True,Adult,1.3547487408298367,-0.5021631365156053
0,3,female,28.0,0,2,7.75,Q,Third,woman,False,no,False,Young Adult,-0.10457866558193422,-0.49210144397164657
0,2,male,37.0,1,0,26.0,S,Second,man,True,no,False,Adult,0.5866816848236415,-0.12484966611715337
0,3,male,36.0,1,1,24.15,S,Third,man,True,no,False,Adult,0.5098749792230219,-0.16207792852980066
1,2,female,28.0,0,0,33.0,S,Second,woman,False,yes,True,Young Adult,-0.10457866558193422,0.016014029498268696
0,3,male,49.0,0,0,0.0,S,Third,man,True,no,True,Adult,1.5083621520310757,-0.6480576784030068
0,3,male,28.0,0,0,7.225,C,Third,man,True,no,True,Young Adult,-0.10457866558193422,-0.5026662211428032
1,1,male,49.0,1,0,56.9292,C,First,man,True,yes,False,Adult,1.5083621520310757,0.4975505359440627
1,2,female,24.0,2,1,27.0,S,Second,woman,False,yes,False,Young Adult,-0.4118054879844123,-0.10472628102923592
0,3,male,28.0,0,0,7.8958,S,Third,man,True,no,True,Young Adult,-0.10457866558193422,-0.4891674544258282
0,1,male,28.0,0,0,42.4,S,First,man,True,no,True,Young Adult,-0.10457866558193422,0.20517384932469257
0,3,male,44.0,0,0,8.05,S,Third,man,True,no,True,Adult,1.1243286240279782,-0.48606442844527137
1,1,male,35.0,0,0,26.55,C,First,man,True,yes,True,Young Adult,0.4330682736224024,-0.11378180431879875
0,3,male,36.0,1,0,15.55,S,Third,man,True,no,False,Adult,0.5098749792230219,-0.3351390402858906
0,3,male,30.0,0,0,7.8958,S,Third,man,True,no,True,Young Adult,0.04903474561930482,-0.4891674544258282
1,1,male,27.0,0,0,30.5,S,First,man,True,yes,True,Young Adult,-0.18138537118255374,-0.034294433221524895
1,2,female,22.0,1,2,41.5792,C,Second,woman,False,yes,False,Young Adult,-0.5654188991856514,0.18865657484452997
1,1,female,40.0,0,0,153.4625,S,First,woman,False,yes,True,Adult,0.8171018016255001,2.440127305651523
0,3,female,39.0,1,5,31.275,S,Third,woman,False,no,False,Adult,0.7402950960248805,-0.01869880977838891
0,3,male,28.0,0,0,7.05,S,Third,man,True,no,True,Young Adult,-0.10457866558193422,-0.5061878135331888
1,3,female,28.0,1,0,15.5,Q,Third,woman,False,yes,False,Young Adult,-0.10457866558193422,-0.3361452095402864
0,3,male,28.0,0,0,7.75,Q,Third,man,True,no,True,Young Adult,-0.10457866558193422,-0.49210144397164657
0,3,male,35.0,0,0,8.05,S,Third,man,True,no,True,Young Adult,0.4330682736224024,-0.48606442844527137
1,2,female,24.0,1,2,65.0,S,Second,woman,False,yes,False,Young Adult,-0.4118054879844123,0.6599623523116267
0,3,male,34.0,1,1,14.4,S,Third,man,True,no,False,Young Adult,0.3562615680217829,-0.35828093313699566
0,3,female,26.0,1,0,16.1,S,Third,woman,False,no,False,Young Adult,-0.25819207678317324,-0.32407117848753597
1,2,female,4.0,2,1,39.0,S,Second,child,False,yes,False,Child,-1.9479395999968028,0.13675434002577333
0,2,male,26.0,0,0,10.5,S,Second,man,True,no,True,Young Adult,-0.25819207678317324,-0.43676213497987365
0,3,male,27.0,1,0,14.4542,C,Third,man,True,no,False,Young Adult,-0.18138537118255374,-0.3571902456652305
1,1,male,42.0,1,0,52.5542,S,First,man,True,yes,False,Adult,0.970715212826739,0.40951072618442386
1,3,male,20.0,1,1,15.7417,C,Third,man,True,yes,False,Young Adult,-0.7190323103868904,-0.3312813873645368
0,3,male,21.0,0,0,7.8542,S,Third,man,True,no,True,Young Adult,-0.6422256047862709,-0.4900045872454856
0,3,male,21.0,0,0,16.1,S,Third,man,True,no,True,Young Adult,-0.6422256047862709,-0.32407117848753597
0,1,male,61.0,0,0,32.3208,S,First,man,True,no,True,Senior,2.43004261923851,0.002346226346555142
0,2,male,57.0,0,0,12.35,Q,Second,man,True,no,True,Adult,2.122815796836032,-0.39953387256722633
1,1,female,21.0,0,0,77.9583,S,First,woman,False,yes,True,Young Adult,-0.6422256047862709,0.9207272132963871
0,3,male,26.0,0,0,7.8958,S,Third,man,True,no,True,Young Adult,-0.25819207678317324,-0.4891674544258282
0,3,male,28.0,0,0,7.7333,Q,Third,man,True,no,True,Young Adult,-0.10457866558193422,-0.4924375045026148
1,1,male,80.0,0,0,30.0,S,First,man,True,yes,True,Senior,3.889370025650281,-0.04435612576548362
0,3,male,51.0,0,0,7.0542,S,Third,man,True,no,True,Adult,1.6619755632323148,-0.5061032953158195
1,1,male,32.0,0,0,30.5,C,First,man,True,yes,True,Young Adult,0.20264815682054385,-0.034294433221524895
0,1,male,28.0,0,0,0.0,S,First,man,True,no,True,Young Adult,-0.10457866558193422,-0.6480576784030068
0,3,female,9.0,3,2,27.9,S,Third,child,False,no,False,Child,-1.563906071993705,-0.08661523445011025
1,2,female,28.0,0,0,13.0,S,Second,woman,False,yes,True,Young Adult,-0.10457866558193422,-0.38645367226008004
0,3,male,32.0,0,0,7.925,S,Third,man,True,no,True,Young Adult,0.20264815682054385,-0.48857985158126105
0,2,male,31.0,1,1,26.25,S,Second,man,True,no,False,Young Adult,0.12584145121992435,-0.11981881984517401
0,3,female,41.0,0,5,39.6875,S,Third,woman,False,no,False,Adult,0.8939085072261196,0.15058916727371655
0,3,male,28.0,1,0,16.1,S,Third,man,True,no,False,Young Adult,-0.10457866558193422,-0.32407117848753597
0,3,male,20.0,0,0,7.8542,S,Third,man,True,no,True,Young Adult,-0.7190323103868904,-0.4900045872454856
1,1,female,24.0,0,0,69.3,C,First,woman,False,yes,True,Young Adult,-0.4118054879844123,0.7464929081896716
0,3,female,2.0,3,2,27.9,S,Third,child,False,no,False,Child,-2.1015530111980416,-0.08661523445011025
1,3,male,28.0,0,0,56.4958,S,Third,man,True,yes,True,Young Adult,-0.10457866558193422,0.48882906084695926
1,3,female,0.75,2,1,19.2583,C,Third,child,False,yes,False,Child,-2.197561393198816,-0.26051549136436636
1,1,male,48.0,1,0,76.7292,C,First,man,True,yes,False,Adult,1.431555446430456,0.895993560684828
0,3,male,19.0,0,0,7.8958,S,Third,man,True,no,True,Young Adult,-0.79583901598751,-0.4891674544258282
1,1,male,56.0,0,0,35.5,C,First,man,True,yes,True,Adult,2.0460090912354123,0.06632249221806229
0,3,male,28.0,0,0,7.55,S,Third,man,True,no,True,Young Adult,-0.10457866558193422,-0.4961261209892301
1,3,female,23.0,0,0,7.55,S,Third,woman,False,yes,True,Young Adult,-0.48861219358503183,-0.4961261209892301
0,3,male,28.0,0,0,7.8958,S,Third,man,True,no,True,Young Adult,-0.10457866558193422,-0.4891674544258282
1,2,female,18.0,0,1,23.0,S,Second,woman,False,yes,False,Teen,-0.8726457215881294,-0.18521982138090567
0,3,male,21.0,0,0,8.4333,S,Third,man,True,no,True,Young Adult,-0.6422256047862709,-0.4783511349410726
1,3,female,28.0,0,0,7.8292,Q,Third,woman,False,yes,True,Young Adult,-0.10457866558193422,-0.4905076718726835
0,3,female,18.0,0,0,6.75,Q,Third,woman,False,no,True,Teen,-0.8726457215881294,-0.512224829059564
0,2,male,24.0,2,0,73.5,S,Second,man,True,no,False,Young Adult,-0.4118054879844123,0.8310111255589249
0,3,male,28.0,0,0,7.8958,S,Third,man,True,no,True,Young Adult,-0.10457866558193422,-0.4891674544258282
0,3,female,32.0,1,1,15.5,Q,Third,woman,False,no,False,Young Adult,0.20264815682054385,-0.3361452095402864
0,2,male,23.0,0,0,13.0,S,Second,man,True,no,True,Young Adult,-0.48861219358503183,-0.38645367226008004
0,1,male,58.0,0,2,113.275,C,First,man,True,no,False,Adult,2.1996225024366516,1.6314187674308411
1,1,male,50.0,2,0,133.65,S,First,man,True,yes,False,Adult,1.5851688576316951,2.041432738597159
0,3,male,40.0,0,0,7.225,C,Third,man,True,no,True,Adult,0.8171018016255001,-0.5026662211428032
0,1,male,47.0,0,0,25.5875,S,First,man,True,no,True,Adult,1.3547487408298367,-0.13315056246591933
0,3,male,36.0,0,0,7.4958,S,Third,man,True,no,True,Adult,0.5098749792230219,-0.4972168084609952
1,3,male,20.0,1,0,7.925,S,Third,man,True,yes,False,Young Adult,-0.7190323103868904,-0.48857985158126105
0,2,male,32.0,2,0,73.5,S,Second,man,True,no,False,Young Adult,0.20264815682054385,0.8310111255589249
0,2,male,25.0,0,0,13.0,S,Second,man,True,no,True,Young Adult,-0.33499878238379277,-0.38645367226008004
0,3,male,28.0,0,0,7.775,S,Third,man,True,no,True,Young Adult,-0.10457866558193422,-0.4915983593444487
0,3,male,43.0,0,0,8.05,S,Third,man,True,no,True,Adult,1.0475219184273585,-0.48606442844527137
1,1,female,28.0,1,0,52.0,S,First,woman,False,yes,False,Young Adult,-0.10457866558193422,0.39835834616870003
1,2,female,40.0,1,1,39.0,S,Second,woman,False,yes,False,Adult,0.8171018016255001,0.13675434002577333
0,1,male,31.0,1,0,52.0,S,First,man,True,no,False,Young Adult,0.12584145121992435,0.39835834616870003
0,2,male,70.0,0,0,10.5,S,Second,man,True,no,True,Senior,3.1213029696440855,-0.43676213497987365
1,2,male,31.0,0,0,13.0,S,Second,man,True,yes,True,Young Adult,0.12584145121992435,-0.38645367226008004
0,2,male,28.0,0,0,0.0,S,Second,man,True,no,True,Young Adult,-0.10457866558193422,-0.6480576784030068
0,3,male,18.0,0,0,7.775,S,Third,man,True,no,True,Teen,-0.8726457215881294,-0.4915983593444487
0,3,male,24.5,0,0,8.05,S,Third,man,True,no,True,Young Adult,-0.37340213518410253,-0.48606442844527137
1,3,female,18.0,0,0,9.8417,S,Third,woman,False,yes,True,Teen,-0.8726457215881294,-0.4500093593832497
0,3,female,43.0,1,6,46.9,S,Third,woman,False,no,False,Adult,1.0475219184273585,0.29572908222032107
1,1,male,36.0,0,1,512.3292,C,First,man,True,yes,False,Adult,0.5098749792230219,9.661740104981664
0,3,female,28.0,0,0,8.1375,Q,Third,woman,False,no,True,Young Adult,-0.10457866558193422,-0.4843036322500786
1,1,male,27.0,0,0,76.7292,C,First,man,True,yes,True,Young Adult,-0.18138537118255374,0.895993560684828
0,3,male,20.0,0,0,9.225,S,Third,man,True,no,True,Young Adult,-0.7190323103868904,-0.46241945096696835
0,3,male,14.0,5,2,46.9,S,Third,child,False,no,False,Teen,-1.1798725439906075,0.29572908222032107
0,2,male,60.0,1,1,39.0,S,Second,man,True,no,False,Adult,2.3532359136378904,0.13675434002577333
0,2,male,25.0,1,2,41.5792,C,Second,man,True,no,False,Young Adult,-0.33499878238379277,0.18865657484452997
0,3,male,14.0,4,1,39.6875,S,Third,child,False,no,False,Teen,-1.1798725439906075,0.15058916727371655
0,3,male,19.0,0,0,10.1708,S,Third,man,True,no,True,Young Adult,-0.79583901598751,-0.44338675335081607
0,3,male,18.0,0,0,7.7958,S,Third,man,True,no,True,Teen,-0.8726457215881294,-0.49117979293462
1,1,female,15.0,0,1,211.3375,S,First,child,False,yes,False,Teen,-1.103065838389988,3.6047682176147444
1,1,male,31.0,1,0,57.0,S,First,man,True,yes,False,Young Adult,0.12584145121992435,0.4989752716082872
1,3,female,4.0,0,1,13.4167,C,Third,child,False,yes,False,Child,-1.9479395999968028,-0.37806825769394486
1,3,male,28.0,0,0,56.4958,S,Third,man,True,yes,True,Young Adult,-0.10457866558193422,0.48882906084695926
0,3,male,25.0,0,0,7.225,C,Third,man,True,no,True,Young Adult,-0.33499878238379277,-0.5026662211428032
0,1,male,60.0,0,0,26.55,S,First,man,True,no,True,Adult,2.3532359136378904,-0.11378180431879875
0,2,male,52.0,0,0,13.5,S,Second,man,True,no,True,Adult,1.7387822688329342,-0.3763919797161213
0,3,male,44.0,0,0,8.05,S,Third,man,True,no,True,Adult,1.1243286240279782,-0.48606442844527137
1,3,female,28.0,0,0,7.7333,Q,Third,woman,False,yes,True,Young Adult,-0.10457866558193422,-0.4924375045026148
0,1,male,49.0,1,1,110.8833,C,First,man,True,no,False,Adult,1.5083621520310757,1.583289667316069
0,3,male,42.0,0,0,7.65,S,Third,man,True,no,True,Adult,0.970715212826739,-0.49411378248043836
1,1,female,18.0,1,0,227.525,C,First,woman,False,yes,False,Teen,-0.8726457215881294,3.930515513725408
1,1,male,35.0,0,0,26.2875,S,First,man,True,yes,True,Young Adult,0.4330682736224024,-0.11906419290437707
0,3,female,18.0,0,1,14.4542,C,Third,woman,False,no,False,Teen,-0.8726457215881294,-0.3571902456652305
0,3,male,25.0,0,0,7.7417,Q,Third,man,True,no,True,Young Adult,-0.33499878238379277,-0.4922684680678763
0,3,male,26.0,1,0,7.8542,S,Third,man,True,no,False,Young Adult,-0.25819207678317324,-0.4900045872454856
0,2,male,39.0,0,0,26.0,S,Second,man,True,no,True,Adult,0.7402950960248805,-0.12484966611715337
1,2,female,45.0,0,0,13.5,S,Second,woman,False,yes,True,Adult,1.2011353296285976,-0.3763919797161213
1,1,male,42.0,0,0,26.2875,S,First,man,True,yes,True,Adult,0.970715212826739,-0.11906419290437707
1,1,female,22.0,0,0,151.55,S,First,woman,False,yes,True,Young Adult,-0.5654188991856514,2.401641331670881
1,3,male,28.0,1,1,15.2458,C,Third,man,True,yes,False,Young Adult,-0.10457866558193422,-0.34126057402963506
1,1,female,24.0,0,0,49.5042,C,First,woman,False,yes,True,Young Adult,-0.4118054879844123,0.34813440166627563
0,1,male,28.0,0,0,26.55,S,First,man,True,no,True,Young Adult,-0.10457866558193422,-0.11378180431879875
1,1,male,48.0,1,0,52.0,S,First,man,True,yes,False,Adult,1.431555446430456,0.39835834616870003
0,3,male,29.0,0,0,9.4833,S,Third,man,True,no,True,Young Adult,-0.027771959981314702,-0.4572215805987593
0,2,male,52.0,0,0,13.0,S,Second,man,True,no,True,Adult,1.7387822688329342,-0.38645367226008004
0,3,male,19.0,0,0,7.65,S,Third,man,True,no,True,Young Adult,-0.79583901598751,-0.49411378248043836
1,1,female,38.0,0,0,227.525,C,First,woman,False,yes,True,Adult,0.663488390424261,3.930515513725408
1,2,female,27.0,0,0,10.5,S,Second,woman,False,yes,True,Young Adult,-0.18138537118255374,-0.43676213497987365
0,3,male,28.0,0,0,15.5,Q,Third,man,True,no,True,Young Adult,-0.10457866558193422,-0.3361452095402864
0,3,male,33.0,0,0,7.775,S,Third,man,True,no,True,Young Adult,0.27945486242116335,-0.4915983593444487
1,2,female,6.0,0,1,33.0,S,Second,child,False,yes,False,Child,-1.7943261887955637,0.016014029498268696
0,3,male,17.0,1,0,7.0542,S,Third,man,True,no,False,Teen,-0.9494524271887489,-0.5061032953158195
0,2,male,34.0,0,0,13.0,S,Second,man,True,no,True,Young Adult,0.3562615680217829,-0.38645367226008004
0,2,male,50.0,0,0,13.0,S,Second,man,True,no,True,Adult,1.5851688576316951,-0.38645367226008004
1,1,male,27.0,1,0,53.1,S,First,man,True,yes,False,Young Adult,-0.18138537118255374,0.4204940697654092
0,3,male,20.0,0,0,8.6625,S,Third,man,True,no,True,Young Adult,-0.7190323103868904,-0.4737388550789219
1,2,female,30.0,3,0,21.0,S,Second,woman,False,yes,False,Young Adult,0.04903474561930482,-0.22546659155674054
1,3,female,28.0,0,0,7.7375,Q,Third,woman,False,yes,True,Young Adult,-0.10457866558193422,-0.49235298628524554
0,2,male,25.0,1,0,26.0,S,Second,man,True,no,False,Young Adult,-0.33499878238379277,-0.12484966611715337
0,3,female,25.0,1,0,7.925,S,Third,woman,False,no,False,Young Adult,-0.33499878238379277,-0.48857985158126105
1,1,female,29.0,0,0,211.3375,S,First,woman,False,yes,True,Young Adult,-0.027771959981314702,3.6047682176147444
0,3,male,11.0,0,0,18.7875,C,Third,child,False,no,True,Child,-1.410292660792466,-0.26998958106375787
0,2,male,28.0,0,0,0.0,S,Second,man,True,no,True,Young Adult,-0.10457866558193422,-0.6480576784030068
0,2,male,23.0,0,0,13.0,S,Second,man,True,no,True,Young Adult,-0.48861219358503183,-0.38645367226008004
0,2,male,23.0,0,0,13.0,S,Second,man,True,no,True,Young Adult,-0.48861219358503183,-0.38645367226008004
0,3,male,28.5,0,0,16.1,S,Third,man,True,no,True,Young Adult,-0.06617531278162446,-0.32407117848753597
0,3,female,48.0,1,3,34.375,S,Third,woman,False,no,False,Adult,1.431555446430456,0.043683683994155176
1,1,male,35.0,0,0,512.3292,C,First,man,True,yes,True,Young Adult,0.4330682736224024,9.661740104981664
0,3,male,28.0,0,0,7.8958,S,Third,man,True,no,True,Young Adult,-0.10457866558193422,-0.4891674544258282
0,3,male,28.0,0,0,7.8958,S,Third,man,True,no,True,Young Adult,-0.10457866558193422,-0.4891674544258282
1,1,male,28.0,0,0,30.0,S,First,man,True,yes,True,Young Adult,-0.10457866558193422,-0.04435612576548362
0,1,male,36.0,1,0,78.85,S,First,man,True,no,False,Adult,0.5098749792230219,0.938671235779283
1,1,female,21.0,2,2,262.375,C,First,woman,False,yes,False,Young Adult,-0.6422256047862709,4.631815484039331
0,3,male,24.0,1,0,16.1,S,Third,man,True,no,False,Young Adult,-0.4118054879844123,-0.32407117848753597
1,3,male,31.0,0,0,7.925,S,Third,man,True,yes,True,Young Adult,0.12584145121992435,-0.48857985158126105
0,1,male,70.0,1,1,71.0,S,First,man,True,no,False,Senior,3.1213029696440855,0.7807026628391313
0,3,male,16.0,1,1,20.25,S,Third,man,True,no,False,Teen,-1.0262591327893684,-0.24055913037267862
1,2,female,30.0,0,0,13.0,S,Second,woman,False,yes,True,Young Adult,0.04903474561930482,-0.38645367226008004
0,1,male,19.0,1,0,53.1,S,First,man,True,no,False,Young Adult,-0.79583901598751,0.4204940697654092
0,3,male,31.0,0,0,7.75,Q,Third,man,True,no,True,Young Adult,0.12584145121992435,-0.49210144397164657
1,2,female,4.0,1,1,23.0,S,Second,child,False,yes,False,Child,-1.9479395999968028,-0.18521982138090567
1,3,male,6.0,0,1,12.475,S,Third,child,False,yes,False,Child,-1.7943261887955637,-0.39701844943123665
0,3,male,33.0,0,0,9.5,S,Third,man,True,no,True,Young Adult,0.27945486242116335,-0.4568855200677911
0,3,male,23.0,0,0,7.8958,S,Third,man,True,no,True,Young Adult,-0.48861219358503183,-0.4891674544258282
1,2,female,48.0,1,2,65.0,S,Second,woman,False,yes,False,Adult,1.431555446430456,0.6599623523116267
1,2,male,0.67,1,1,14.5,S,Second,child,False,yes,False,Child,-2.2037059296468655,-0.35626859462820387
0,3,male,28.0,0,0,7.7958,S,Third,man,True,no,True,Young Adult,-0.10457866558193422,-0.49117979293462
0,2,male,18.0,0,0,11.5,S,Second,man,True,no,True,Teen,-0.8726457215881294,-0.4166387498919562
0,3,male,34.0,0,0,8.05,S,Third,man,True,no,True,Young Adult,0.3562615680217829,-0.48606442844527137
1,1,female,33.0,0,0,86.5,S,First,woman,False,yes,True,Young Adult,0.27945486242116335,1.0926151317018515
0,3,male,28.0,0,0,14.5,S,Third,man,True,no,True,Young Adult,-0.10457866558193422,-0.35626859462820387
0,3,male,41.0,0,0,7.125,S,Third,man,True,no,True,Adult,0.8939085072261196,-0.504678559651595
1,3,male,20.0,0,0,7.2292,C,Third,man,True,yes,True,Young Adult,-0.7190323103868904,-0.502581702925434
1,1,female,36.0,1,2,120.0,S,First,woman,False,yes,False,Adult,0.5098749792230219,1.7667485321470857
0,3,male,16.0,0,0,7.775,S,Third,man,True,no,True,Teen,-1.0262591327893684,-0.4915983593444487
1,1,female,51.0,1,0,77.9583,S,First,woman,False,yes,False,Adult,1.6619755632323148,0.9207272132963871
0,1,male,28.0,0,0,39.6,C,First,man,True,no,True,Young Adult,-0.10457866558193422,0.1488283710785238
0,3,female,30.5,0,0,7.75,Q,Third,woman,False,no,True,Young Adult,0.08743809841961457,-0.49210144397164657
0,3,male,28.0,1,0,24.15,Q,Third,man,True,no,False,Young Adult,-0.10457866558193422,-0.16207792852980066
0,3,male,32.0,0,0,8.3625,S,Third,man,True,no,True,Young Adult,0.20264815682054385,-0.47977587060529714
0,3,male,24.0,0,0,9.5,S,Third,man,True,no,True,Young Adult,-0.4118054879844123,-0.4568855200677911
0,3,male,48.0,0,0,7.8542,S,Third,man,True,no,True,Adult,1.431555446430456,-0.4900045872454856
0,2,female,57.0,0,0,10.5,S,Second,woman,False,no,True,Adult,2.122815796836032,-0.43676213497987365
0,3,male,28.0,0,0,7.225,C,Third,man,True,no,True,Young Adult,-0.10457866558193422,-0.5026662211428032
1,2,female,54.0,1,3,23.0,S,Second,woman,False,yes,False,Adult,1.8923956800341732,-0.18521982138090567
0,3,male,18.0,0,0,7.75,S,Third,man,True,no,True,Teen,-0.8726457215881294,-0.49210144397164657
0,3,male,28.0,0,0,7.75,Q,Third,man,True,no,True,Young Adult,-0.10457866558193422,-0.49210144397164657
1,3,female,5.0,0,0,12.475,S,Third,child,False,yes,True,Child,-1.8711328943961831,-0.39701844943123665
0,3,male,28.0,0,0,7.7375,Q,Third,man,True,no,True,Young Adult,-0.10457866558193422,-0.49235298628524554
1,1,female,43.0,0,1,211.3375,S,First,woman,False,yes,False,Adult,1.0475219184273585,3.6047682176147444
1,3,female,13.0,0,0,7.2292,C,Third,child,False,yes,True,Teen,-1.2566792495912271,-0.502581702925434
1,1,female,17.0,1,0,57.0,S,First,woman,False,yes,False,Teen,-0.9494524271887489,0.4989752716082872
0,1,male,29.0,0,0,30.0,S,First,man,True,no,True,Young Adult,-0.027771959981314702,-0.04435612576548362
0,3,male,28.0,1,2,23.45,S,Third,man,True,no,False,Young Adult,-0.10457866558193422,-0.17616429809134285
0,3,male,25.0,0,0,7.05,S,Third,man,True,no,True,Young Adult,-0.33499878238379277,-0.5061878135331888
0,3,male,25.0,0,0,7.25,S,Third,man,True,no,True,Young Adult,-0.33499878238379277,-0.5021631365156053
1,3,female,18.0,0,0,7.4958,S,Third,woman,False,yes,True,Teen,-0.8726457215881294,-0.4972168084609952
0,3,male,8.0,4,1,29.125,Q,Third,child,False,no,False,Child,-1.6407127775943247,-0.061964087717411374
1,3,male,1.0,1,2,20.575,S,Third,child,False,yes,False,Child,-2.1783597167986612,-0.23401903021910547
0,1,male,46.0,0,0,79.2,C,First,man,True,no,True,Adult,1.2779420352292172,0.9457144205600544
0,3,male,28.0,0,0,7.75,Q,Third,man,True,no,True,Young Adult,-0.10457866558193422,-0.49210144397164657
0,2,male,16.0,0,0,26.0,S,Second,man,True,no,True,Teen,-1.0262591327893684,-0.12484966611715337
0,3,female,28.0,8,2,69.55,S,Third,woman,False,no,False,Young Adult,-0.10457866558193422,0.751523754461651
0,1,male,28.0,0,0,30.6958,C,First,man,True,no,True,Young Adult,-0.10457866558193422,-0.03035427442131069
0,3,male,25.0,0,0,7.8958,S,Third,man,True,no,True,Young Adult,-0.33499878238379277,-0.4891674544258282
0,2,male,39.0,0,0,13.0,S,Second,man,True,no,True,Adult,0.7402950960248805,-0.38645367226008004
1,1,female,49.0,0,0,25.9292,S,First,woman,False,yes,True,Adult,1.5083621520310757,-0.1262744017813779
1,3,female,31.0,0,0,8.6833,S,Third,woman,False,yes,True,Young Adult,0.12584145121992435,-0.47332028866909326
0,3,male,30.0,0,0,7.2292,C,Third,man,True,no,True,Young Adult,0.04903474561930482,-0.502581702925434
0,3,female,30.0,1,1,24.15,S,Third,woman,False,no,False,Young Adult,0.04903474561930482,-0.16207792852980066
0,2,male,34.0,0,0,13.0,S,Second,man,True,no,True,Young Adult,0.3562615680217829,-0.38645367226008004
1,2,female,31.0,1,1,26.25,S,Second,woman,False,yes,False,Young Adult,0.12584145121992435,-0.11981881984517401
1,1,male,11.0,1,2,120.0,S,First,child,False,yes,False,Child,-1.410292660792466,1.7667485321470857
1,3,male,0.42,0,1,8.5167,C,Third,child,False,yes,False,Child,-2.2229076060470203,-0.4766728446247403
1,3,male,27.0,0,0,6.975,S,Third,man,True,yes,True,Young Adult,-0.18138537118255374,-0.5076970674147826
0,3,male,31.0,0,0,7.775,S,Third,man,True,no,True,Young Adult,0.12584145121992435,-0.4915983593444487
0,1,male,39.0,0,0,0.0,S,First,man,True,no,True,Adult,0.7402950960248805,-0.6480576784030068
0,3,female,18.0,0,0,7.775,S,Third,woman,False,no,True,Teen,-0.8726457215881294,-0.4915983593444487
0,2,male,39.0,0,0,13.0,S,Second,man,True,no,True,Adult,0.7402950960248805,-0.38645367226008004
1,1,female,33.0,1,0,53.1,S,First,woman,False,yes,False,Young Adult,0.27945486242116335,0.4204940697654092
0,3,male,26.0,0,0,7.8875,S,Third,man,True,no,True,Young Adult,-0.25819207678317324,-0.48933447852205797
0,3,male,39.0,0,0,24.15,S,Third,man,True,no,True,Adult,0.7402950960248805,-0.16207792852980066
0,2,male,35.0,0,0,10.5,S,Second,man,True,no,True,Young Adult,0.4330682736224024,-0.43676213497987365
0,3,female,6.0,4,2,31.275,S,Third,child,False,no,False,Child,-1.7943261887955637,-0.01869880977838891
0,3,male,30.5,0,0,8.05,S,Third,man,True,no,True,Young Adult,0.08743809841961457,-0.48606442844527137
0,1,male,28.0,0,0,0.0,S,First,man,True,no,True,Young Adult,-0.10457866558193422,-0.6480576784030068
0,3,female,23.0,0,0,7.925,S,Third,woman,False,no,True,Young Adult,-0.48861219358503183,-0.48857985158126105
0,2,male,31.0,1,1,37.0042,C,Second,man,True,no,False,Young Adult,0.12584145121992435,0.09659208806730764
0,3,male,43.0,0,0,6.45,S,Third,man,True,no,True,Adult,1.0475219184273585,-0.5182618445859393
0,3,male,10.0,3,2,27.9,S,Third,child,False,no,False,Child,-1.4870993663930856,-0.08661523445011025
1,1,female,52.0,1,1,93.5,S,First,woman,False,yes,False,Adult,1.7387822688329342,1.2334788273172737
1,3,male,27.0,0,0,8.6625,S,Third,man,True,yes,True,Young Adult,-0.18138537118255374,-0.4737388550789219
0,1,male,38.0,0,0,0.0,S,First,man,True,no,True,Adult,0.663488390424261,-0.6480576784030068
1,3,female,27.0,0,1,12.475,S,Third,woman,False,yes,False,Young Adult,-0.18138537118255374,-0.39701844943123665
0,3,male,2.0,4,1,39.6875,S,Third,child,False,no,False,Child,-2.1015530111980416,0.15058916727371655
0,3,male,28.0,0,0,6.95,Q,Third,man,True,no,True,Young Adult,-0.10457866558193422,-0.5082001520419805
0,3,male,28.0,0,0,56.4958,S,Third,man,True,no,True,Young Adult,-0.10457866558193422,0.48882906084695926
1,2,male,1.0,0,2,37.0042,C,Second,child,False,yes,False,Child,-2.1783597167986612,0.09659208806730764
1,3,male,28.0,0,0,7.75,Q,Third,man,True,yes,True,Young Adult,-0.10457866558193422,-0.49210144397164657
1,1,female,62.0,0,0,80.0,S,First,woman,False,yes,True,Senior,2.5068493248391293,0.9618131286303883
1,3,female,15.0,1,0,14.4542,C,Third,child,False,yes,False,Teen,-1.103065838389988,-0.3571902456652305
1,2,male,0.83,1,1,18.75,S,Second,child,False,yes,False,Child,-2.1914168567507666,-0.2707442080045548
0,3,male,28.0,0,0,7.2292,C,Third,man,True,no,True,Young Adult,-0.10457866558193422,-0.502581702925434
0,3,male,23.0,0,0,7.8542,S,Third,man,True,no,True,Young Adult,-0.48861219358503183,-0.4900045872454856
0,3,male,18.0,0,0,8.3,S,Third,man,True,no,True,Teen,-0.8726457215881294,-0.481033582173292
1,1,female,39.0,1,1,83.1583,C,First,woman,False,yes,False,Adult,0.7402950960248805,1.0253688157535579
0,3,male,21.0,0,0,8.6625,S,Third,man,True,no,True,Young Adult,-0.6422256047862709,-0.4737388550789219
0,3,male,28.0,0,0,8.05,S,Third,man,True,no,True,Young Adult,-0.10457866558193422,-0.48606442844527137
1,3,male,32.0,0,0,56.4958,S,Third,man,True,yes,True,Young Adult,0.20264815682054385,0.48882906084695926
1,1,male,28.0,0,0,29.7,C,First,man,True,yes,True,Young Adult,-0.10457866558193422,-0.05039314129185886
0,3,male,20.0,0,0,7.925,S,Third,man,True,no,True,Young Adult,-0.7190323103868904,-0.48857985158126105
0,2,male,16.0,0,0,10.5,S,Second,man,True,no,True,Teen,-1.0262591327893684,-0.43676213497987365
1,1,female,30.0,0,0,31.0,C,First,woman,False,yes,True,Young Adult,0.04903474561930482,-0.024232740677566176
0,3,male,34.5,0,0,6.4375,C,Third,man,True,no,True,Young Adult,0.39466492082209265,-0.5185133868995382
0,3,male,17.0,0,0,8.6625,S,Third,man,True,no,True,Teen,-0.9494524271887489,-0.4737388550789219
0,3,male,42.0,0,0,7.55,S,Third,man,True,no,True,Adult,0.970715212826739,-0.4961261209892301
0,3,male,28.0,8,2,69.55,S,Third,man,True,no,False,Young Adult,-0.10457866558193422,0.751523754461651
0,3,male,35.0,0,0,7.8958,C,Third,man,True,no,True,Young Adult,0.4330682736224024,-0.4891674544258282
0,2,male,28.0,0,1,33.0,S,Second,man,True,no,False,Young Adult,-0.10457866558193422,0.016014029498268696
1,1,female,28.0,1,0,89.1042,C,First,woman,False,yes,False,Young Adult,-0.10457866558193422,1.1450204511478064
0,3,male,4.0,4,2,31.275,S,Third,child,False,no,False,Child,-1.9479395999968028,-0.01869880977838891
0,3,male,74.0,0,0,7.775,S,Third,man,True,no,True,Senior,3.4285297920465636,-0.4915983593444487
0,3,female,9.0,1,1,15.2458,C,Third,child,False,no,False,Child,-1.563906071993705,-0.34126057402963506
1,1,female,16.0,0,1,39.4,S,First,woman,False,yes,False,Teen,-1.0262591327893684,0.14480369406094026
0,2,female,44.0,1,0,26.0,S,Second,woman,False,no,False,Adult,1.1243286240279782,-0.12484966611715337
1,3,female,18.0,0,1,9.35,S,Third,woman,False,yes,False,Teen,-0.8726457215881294,-0.45990402783097867
1,1,female,45.0,1,1,164.8667,S,First,woman,False,yes,False,Adult,1.2011353296285976,2.669618413871151
1,1,male,51.0,0,0,26.55,S,First,man,True,yes,True,Adult,1.6619755632323148,-0.11378180431879875
1,3,female,24.0,0,3,19.2583,C,Third,woman,False,yes,False,Young Adult,-0.4118054879844123,-0.26051549136436636
0,3,male,28.0,0,0,7.2292,C,Third,man,True,no,True,Young Adult,-0.10457866558193422,-0.502581702925434
0,3,male,41.0,2,0,14.1083,S,Third,man,True,no,False,Adult,0.8939085072261196,-0.36415092456714115
0,2,male,21.0,1,0,11.5,S,Second,man,True,no,False,Young Adult,-0.6422256047862709,-0.4166387498919562
1,1,female,48.0,0,0,25.9292,S,First,woman,False,yes,True,Adult,1.431555446430456,-0.1262744017813779
0,3,female,28.0,8,2,69.55,S,Third,woman,False,no,False,Young Adult,-0.10457866558193422,0.751523754461651
0,2,male,24.0,0,0,13.0,S,Second,man,True,no,True,Young Adult,-0.4118054879844123,-0.38645367226008004
1,2,female,42.0,0,0,13.0,S,Second,woman,False,yes,True,Adult,0.970715212826739,-0.38645367226008004
1,2,female,27.0,1,0,13.8583,C,Second,woman,False,yes,False,Young Adult,-0.18138537118255374,-0.3691817708391205
0,1,male,31.0,0,0,50.4958,S,First,man,True,no,True,Young Adult,0.12584145121992435,0.36808875031945465
0,3,male,28.0,0,0,9.5,S,Third,man,True,no,True,Young Adult,-0.10457866558193422,-0.4568855200677911
1,3,male,4.0,1,1,11.1333,S,Third,child,False,yes,False,Child,-1.9479395999968028,-0.42401799520369554
0,3,male,26.0,0,0,7.8958,S,Third,man,True,no,True,Young Adult,-0.25819207678317324,-0.4891674544258282
1,1,female,47.0,1,1,52.5542,S,First,woman,False,yes,False,Adult,1.3547487408298367,0.40951072618442386
0,1,male,33.0,0,0,5.0,S,First,man,True,no,True,Young Adult,0.27945486242116335,-0.5474407529634195
0,3,male,47.0,0,0,9.0,S,Third,man,True,no,True,Adult,1.3547487408298367,-0.4669472126117498
1,2,female,28.0,1,0,24.0,C,Second,woman,False,yes,False,Young Adult,-0.10457866558193422,-0.16509643629298823
1,3,female,15.0,0,0,7.225,C,Third,child,False,yes,True,Teen,-1.103065838389988,-0.5026662211428032
0,3,male,20.0,0,0,9.8458,S,Third,man,True,no,True,Young Adult,-0.7190323103868904,-0.4499268535043892
0,3,male,19.0,0,0,7.8958,S,Third,man,True,no,True,Young Adult,-0.79583901598751,-0.4891674544258282
0,3,male,28.0,0,0,7.8958,S,Third,man,True,no,True,Young Adult,-0.10457866558193422,-0.4891674544258282
1,1,female,56.0,0,1,83.1583,C,First,woman,False,yes,False,Adult,2.0460090912354123,1.0253688157535579
1,2,female,25.0,0,1,26.0,S,Second,woman,False,yes,False,Young Adult,-0.33499878238379277,-0.12484966611715337
0,3,male,33.0,0,0,7.8958,S,Third,man,True,no,True,Young Adult,0.27945486242116335,-0.4891674544258282
0,3,female,22.0,0,0,10.5167,S,Third,woman,False,no,True,Young Adult,-0.5654188991856514,-0.4364260744489054
0,2,male,28.0,0,0,10.5,S,Second,man,True,no,True,Young Adult,-0.10457866558193422,-0.43676213497987365
0,3,male,25.0,0,0,7.05,S,Third,man,True,no,True,Young Adult,-0.33499878238379277,-0.5061878135331888
0,3,female,39.0,0,5,29.125,Q,Third,woman,False,no,False,Adult,0.7402950960248805,-0.061964087717411374
0,2,male,27.0,0,0,13.0,S,Second,man,True,no,True,Young Adult,-0.18138537118255374,-0.38645367226008004
1,1,female,19.0,0,0,30.0,S,First,woman,False,yes,True,Young Adult,-0.79583901598751,-0.04435612576548362
0,3,female,28.0,1,2,23.45,S,Third,woman,False,no,False,Young Adult,-0.10457866558193422,-0.17616429809134285
1,1,male,26.0,0,0,30.0,C,First,man,True,yes,True,Young Adult,-0.25819207678317324,-0.04435612576548362
0,3,male,32.0,0,0,7.75,Q,Third,man,True,no,True,Young Adult,0.20264815682054385,-0.49210144397164657
